analysis_period_label,replay_visit_number,replay_entry_number,previous_page_path,replay_library_path,next_page_path,replay_views,sessions,users
Available export: 2026-07-14 to 2026-08-04 (22 days),1,1,(session start),/replay-library/,(no next page),918,918,352
Available export: 2026-07-14 to 2026-08-04 (22 days),2,1,/replay-library/,/replay-library/,/replay-library/,811,811,338
Available export: 2026-07-14 to 2026-08-04 (22 days),1,1,(session start),/replay-library/,/replay-library/,636,636,257
Available export: 2026-07-14 to 2026-08-04 (22 days),3,1,/replay-library/,/replay-library/,/replay-library/,587,587,270
Available export: 2026-07-14 to 2026-08-04 (22 days),4,1,/replay-library/,/replay-library/,/replay-library/,351,351,205
Available export: 2026-07-14 to 2026-08-04 (22 days),1,1,/,/replay-library/,/replay-library/,235,235,126
Available export: 2026-07-14 to 2026-08-04 (22 days),3,1,/replay-library/,/replay-library/,(no next page),207,207,133
Available export: 2026-07-14 to 2026-08-04 (22 days),4,1,/replay-library/,/replay-library/,(no next page),206,206,121
Available export: 2026-07-14 to 2026-08-04 (22 days),5,1,/replay-library/,/replay-library/,/replay-library/,201,201,137
Available export: 2026-07-14 to 2026-08-04 (22 days),2,1,/replay-library/,/replay-library/,(no next page),183,183,133
Available export: 2026-07-14 to 2026-08-04 (22 days),6,1,/replay-library/,/replay-library/,/replay-library/,138,138,102
Available export: 2026-07-14 to 2026-08-04 (22 days),5,1,/replay-library/,/replay-library/,(no next page),136,136,105
Available export: 2026-07-14 to 2026-08-04 (22 days),7,1,/replay-library/,/replay-library/,/replay-library/,105,105,78
Available export: 2026-07-14 to 2026-08-04 (22 days),8,1,/replay-library/,/replay-library/,/replay-library/,80,80,64
Available export: 2026-07-14 to 2026-08-04 (22 days),1,1,/,/replay-library/,(no next page),71,71,46
Available export: 2026-07-14 to 2026-08-04 (22 days),9,1,/replay-library/,/replay-library/,/replay-library/,61,61,53
Available export: 2026-07-14 to 2026-08-04 (22 days),6,1,/replay-library/,/replay-library/,(no next page),56,56,48
Available export: 2026-07-14 to 2026-08-04 (22 days),10,1,/replay-library/,/replay-library/,/replay-library/,48,48,42
Available export: 2026-07-14 to 2026-08-04 (22 days),1,1,(session start),/replay-library/,/,46,46,35
Available export: 2026-07-14 to 2026-08-04 (22 days),1,1,/guild-raid/boss-meta/,/replay-library/,/replay-library/,45,45,27
Available export: 2026-07-14 to 2026-08-04 (22 days),11,1,/replay-library/,/replay-library/,/replay-library/,40,40,37
Available export: 2026-07-14 to 2026-08-04 (22 days),1,1,/guild-raid/s106/,/replay-library/,/replay-library/,37,37,34
Available export: 2026-07-14 to 2026-08-04 (22 days),12,1,/replay-library/,/replay-library/,/replay-library/,33,33,31
Available export: 2026-07-14 to 2026-08-04 (22 days),1,1,/guild-raid/s105/,/replay-library/,/replay-library/,31,31,22
Available export: 2026-07-14 to 2026-08-04 (22 days),7,1,/replay-library/,/replay-library/,(no next page),30,30,29
Available export: 2026-07-14 to 2026-08-04 (22 days),1,1,/guild-raid/s105/,/replay-library/,(no next page),29,29,27
Available export: 2026-07-14 to 2026-08-04 (22 days),7,2,/replay-library/,/replay-library/,/replay-library/,27,27,15
Available export: 2026-07-14 to 2026-08-04 (22 days),6,2,/replay-library/,/replay-library/,/replay-library/,26,26,15
Available export: 2026-07-14 to 2026-08-04 (22 days),13,1,/replay-library/,/replay-library/,/replay-library/,25,25,24
Available export: 2026-07-14 to 2026-08-04 (22 days),8,1,/replay-library/,/replay-library/,(no next page),23,23,20
Available export: 2026-07-14 to 2026-08-04 (22 days),1,1,/guild-raid/boss-meta/,/replay-library/,(no next page),20,20,19
Available export: 2026-07-14 to 2026-08-04 (22 days),4,2,/replay-library/,/replay-library/,/replay-library/,19,19,16
Available export: 2026-07-14 to 2026-08-04 (22 days),1,1,(session start),/replay-library/,/guild-raid/s105/,18,18,14
Available export: 2026-07-14 to 2026-08-04 (22 days),1,1,/,/replay-library/,/,18,18,16
Available export: 2026-07-14 to 2026-08-04 (22 days),3,2,/replay-library/,/replay-library/,/replay-library/,18,18,16
Available export: 2026-07-14 to 2026-08-04 (22 days),5,2,/replay-library/,/replay-library/,/replay-library/,18,18,16
Available export: 2026-07-14 to 2026-08-04 (22 days),4,1,/replay-library/,/replay-library/,/,17,17,5
Available export: 2026-07-14 to 2026-08-04 (22 days),8,2,/replay-library/,/replay-library/,/replay-library/,17,17,11
Available export: 2026-07-14 to 2026-08-04 (22 days),14,1,/replay-library/,/replay-library/,/replay-library/,17,17,17
Available export: 2026-07-14 to 2026-08-04 (22 days),9,1,/replay-library/,/replay-library/,(no next page),16,16,13
Available export: 2026-07-14 to 2026-08-04 (22 days),9,2,/replay-library/,/replay-library/,/replay-library/,16,16,10
Available export: 2026-07-14 to 2026-08-04 (22 days),10,2,/replay-library/,/replay-library/,/replay-library/,16,16,11
Available export: 2026-07-14 to 2026-08-04 (22 days),2,1,/replay-library/,/replay-library/,/,14,14,14
Available export: 2026-07-14 to 2026-08-04 (22 days),5,2,/,/replay-library/,/replay-library/,13,13,2
Available export: 2026-07-14 to 2026-08-04 (22 days),1,1,/guild-raid/,/replay-library/,/replay-library/,12,12,11
Available export: 2026-07-14 to 2026-08-04 (22 days),11,2,/replay-library/,/replay-library/,/replay-library/,12,12,8
Available export: 2026-07-14 to 2026-08-04 (22 days),8,2,/replay-library/,/replay-library/,(no next page),11,11,7
Available export: 2026-07-14 to 2026-08-04 (22 days),15,1,/replay-library/,/replay-library/,/replay-library/,11,11,11
Available export: 2026-07-14 to 2026-08-04 (22 days),1,1,/guild-raid/,/replay-library/,(no next page),10,10,10
Available export: 2026-07-14 to 2026-08-04 (22 days),10,1,/replay-library/,/replay-library/,(no next page),9,9,9
Available export: 2026-07-14 to 2026-08-04 (22 days),12,2,/replay-library/,/replay-library/,/replay-library/,9,9,7
Available export: 2026-07-14 to 2026-08-04 (22 days),2,2,/,/replay-library/,(no next page),8,8,8
Available export: 2026-07-14 to 2026-08-04 (22 days),2,2,/,/replay-library/,/replay-library/,8,8,8
Available export: 2026-07-14 to 2026-08-04 (22 days),2,2,/guild-raid/s106/,/replay-library/,/replay-library/,8,8,6
Available export: 2026-07-14 to 2026-08-04 (22 days),3,2,/replay-library/,/replay-library/,(no next page),8,8,8
Available export: 2026-07-14 to 2026-08-04 (22 days),13,1,/replay-library/,/replay-library/,(no next page),8,8,7
Available export: 2026-07-14 to 2026-08-04 (22 days),16,1,/replay-library/,/replay-library/,/replay-library/,8,8,8
Available export: 2026-07-14 to 2026-08-04 (22 days),17,1,/replay-library/,/replay-library/,/replay-library/,8,8,8
Available export: 2026-07-14 to 2026-08-04 (22 days),1,1,(session start),/replay-library/,/guild-raid/,7,7,7
Available export: 2026-07-14 to 2026-08-04 (22 days),1,1,/guild-raid/s105/,/replay-library/,/guild-raid/s105/,7,7,7
Available export: 2026-07-14 to 2026-08-04 (22 days),3,1,/replay-library/,/replay-library/,/,7,7,6
Available export: 2026-07-14 to 2026-08-04 (22 days),5,2,/replay-library/,/replay-library/,(no next page),7,7,6
Available export: 2026-07-14 to 2026-08-04 (22 days),5,1,/replay-library/,/replay-library/,/,7,7,4
Available export: 2026-07-14 to 2026-08-04 (22 days),6,2,/replay-library/,/replay-library/,(no next page),7,7,6
Available export: 2026-07-14 to 2026-08-04 (22 days),11,1,/replay-library/,/replay-library/,(no next page),7,7,7
Available export: 2026-07-14 to 2026-08-04 (22 days),13,2,/replay-library/,/replay-library/,/replay-library/,7,7,6
Available export: 2026-07-14 to 2026-08-04 (22 days),14,2,/replay-library/,/replay-library/,/replay-library/,7,7,6
Available export: 2026-07-14 to 2026-08-04 (22 days),18,1,/replay-library/,/replay-library/,/replay-library/,7,7,7
Available export: 2026-07-14 to 2026-08-04 (22 days),1,1,(session start),/replay-library/,/guild-raid/s106/,6,6,5
Available export: 2026-07-14 to 2026-08-04 (22 days),12,1,/replay-library/,/replay-library/,(no next page),6,6,6
Available export: 2026-07-14 to 2026-08-04 (22 days),14,1,/replay-library/,/replay-library/,(no next page),6,6,6
Available export: 2026-07-14 to 2026-08-04 (22 days),15,1,/replay-library/,/replay-library/,(no next page),6,6,6
Available export: 2026-07-14 to 2026-08-04 (22 days),1,1,/,/replay-library/,/guild-raid/s105/,5,5,5
Available export: 2026-07-14 to 2026-08-04 (22 days),1,1,/elite-campaigns/,/replay-library/,/replay-library/,5,5,5
Available export: 2026-07-14 to 2026-08-04 (22 days),1,1,/guild-raid/boss-meta/,/replay-library/,/guild-raid/boss-meta/,5,5,4
Available export: 2026-07-14 to 2026-08-04 (22 days),1,1,/lre/lysander/,/replay-library/,/replay-library/,5,5,5
Available export: 2026-07-14 to 2026-08-04 (22 days),2,2,/guild-raid/s105/,/replay-library/,(no next page),5,5,5
Available export: 2026-07-14 to 2026-08-04 (22 days),2,2,/guild-raid/s105/,/replay-library/,/replay-library/,5,5,4
Available export: 2026-07-14 to 2026-08-04 (22 days),7,2,/replay-library/,/replay-library/,(no next page),5,5,5
Available export: 2026-07-14 to 2026-08-04 (22 days),16,2,/replay-library/,/replay-library/,/replay-library/,5,5,5
Available export: 2026-07-14 to 2026-08-04 (22 days),19,1,/replay-library/,/replay-library/,/replay-library/,5,5,5
Available export: 2026-07-14 to 2026-08-04 (22 days),20,1,/replay-library/,/replay-library/,/replay-library/,5,5,5
Available export: 2026-07-14 to 2026-08-04 (22 days),21,1,/replay-library/,/replay-library/,/replay-library/,5,5,5
Available export: 2026-07-14 to 2026-08-04 (22 days),1,1,(session start),/replay-library/,/guild-raid/boss-meta/,4,4,4
Available export: 2026-07-14 to 2026-08-04 (22 days),1,1,/,/replay-library/,/beginner-guide/,4,4,4
Available export: 2026-07-14 to 2026-08-04 (22 days),1,1,/,/replay-library/,/guild-raid/boss-meta/,4,4,4
Available export: 2026-07-14 to 2026-08-04 (22 days),1,1,/campaign-event/,/replay-library/,/replay-library/,4,4,4
Available export: 2026-07-14 to 2026-08-04 (22 days),1,1,/guild-raid/s106/,/replay-library/,(no next page),4,4,4
Available export: 2026-07-14 to 2026-08-04 (22 days),2,2,/guild-raid/boss-meta/,/replay-library/,/replay-library/,4,4,4
Available export: 2026-07-14 to 2026-08-04 (22 days),3,1,/replay-library/,/replay-library/,/guild-raid/boss-meta/,4,4,4
Available export: 2026-07-14 to 2026-08-04 (22 days),4,2,/replay-library/,/replay-library/,(no next page),4,4,4
Available export: 2026-07-14 to 2026-08-04 (22 days),6,2,/,/replay-library/,/replay-library/,4,4,2
Available export: 2026-07-14 to 2026-08-04 (22 days),11,3,/replay-library/,/replay-library/,/replay-library/,4,4,2
Available export: 2026-07-14 to 2026-08-04 (22 days),12,2,/replay-library/,/replay-library/,(no next page),4,4,4
Available export: 2026-07-14 to 2026-08-04 (22 days),15,2,/replay-library/,/replay-library/,/replay-library/,4,4,4
Available export: 2026-07-14 to 2026-08-04 (22 days),17,2,/replay-library/,/replay-library/,/replay-library/,4,4,4
Available export: 2026-07-14 to 2026-08-04 (22 days),18,2,/replay-library/,/replay-library/,/replay-library/,4,4,4
Available export: 2026-07-14 to 2026-08-04 (22 days),1,1,(session start),/replay-library/,/guild-raid/archive/,3,3,3
Available export: 2026-07-14 to 2026-08-04 (22 days),1,1,(session start),/replay-library/,/lre/lucius/,3,3,3
Available export: 2026-07-14 to 2026-08-04 (22 days),1,1,(session start),/replay-library/,/lre/lysander/,3,3,3
Available export: 2026-07-14 to 2026-08-04 (22 days),1,1,/,/replay-library/,/guild-raid/,3,3,3
Available export: 2026-07-14 to 2026-08-04 (22 days),1,1,/elite-campaigns/,/replay-library/,(no next page),3,3,3
Available export: 2026-07-14 to 2026-08-04 (22 days),1,1,/guild-raid/,/replay-library/,/guild-raid/boss-meta/,3,3,3
Available export: 2026-07-14 to 2026-08-04 (22 days),1,1,/guild-raid/boss-meta/,/replay-library/,/,3,3,2
Available export: 2026-07-14 to 2026-08-04 (22 days),1,1,/guild-raid/s103/,/replay-library/,/replay-library/,3,3,3
Available export: 2026-07-14 to 2026-08-04 (22 days),1,1,/guild-raid/s105/,/replay-library/,/,3,3,3
Available export: 2026-07-14 to 2026-08-04 (22 days),2,2,/guild-raid/boss-meta/,/replay-library/,(no next page),3,3,3
Available export: 2026-07-14 to 2026-08-04 (22 days),2,1,/replay-library/,/replay-library/,/beginner-guide/,3,3,3
Available export: 2026-07-14 to 2026-08-04 (22 days),2,1,/replay-library/,/replay-library/,/guild-raid/boss-meta/,3,3,3
Available export: 2026-07-14 to 2026-08-04 (22 days),3,2,/,/replay-library/,/replay-library/,3,3,3
Available export: 2026-07-14 to 2026-08-04 (22 days),4,2,/guild-raid/boss-meta/,/replay-library/,/replay-library/,3,3,2
Available export: 2026-07-14 to 2026-08-04 (22 days),4,1,/replay-library/,/replay-library/,/guild-raid/boss-meta/,3,3,3
Available export: 2026-07-14 to 2026-08-04 (22 days),6,1,/replay-library/,/replay-library/,/,3,3,3
Available export: 2026-07-14 to 2026-08-04 (22 days),8,3,/replay-library/,/replay-library/,/replay-library/,3,3,3
Available export: 2026-07-14 to 2026-08-04 (22 days),9,3,/replay-library/,/replay-library/,/replay-library/,3,3,3
Available export: 2026-07-14 to 2026-08-04 (22 days),10,3,/replay-library/,/replay-library/,/replay-library/,3,3,2
Available export: 2026-07-14 to 2026-08-04 (22 days),12,3,/replay-library/,/replay-library/,/replay-library/,3,3,3
Available export: 2026-07-14 to 2026-08-04 (22 days),13,2,/replay-library/,/replay-library/,(no next page),3,3,3
Available export: 2026-07-14 to 2026-08-04 (22 days),13,3,/replay-library/,/replay-library/,/replay-library/,3,3,2
Available export: 2026-07-14 to 2026-08-04 (22 days),14,3,/replay-library/,/replay-library/,/replay-library/,3,3,2
Available export: 2026-07-14 to 2026-08-04 (22 days),16,1,/replay-library/,/replay-library/,(no next page),3,3,3
Available export: 2026-07-14 to 2026-08-04 (22 days),19,2,/replay-library/,/replay-library/,/replay-library/,3,3,3
Available export: 2026-07-14 to 2026-08-04 (22 days),20,2,/replay-library/,/replay-library/,/replay-library/,3,3,3
Available export: 2026-07-14 to 2026-08-04 (22 days),21,2,/replay-library/,/replay-library/,/replay-library/,3,3,3
Available export: 2026-07-14 to 2026-08-04 (22 days),22,1,/replay-library/,/replay-library/,/replay-library/,3,3,3
Available export: 2026-07-14 to 2026-08-04 (22 days),22,2,/replay-library/,/replay-library/,/replay-library/,3,3,3
Available export: 2026-07-14 to 2026-08-04 (22 days),23,1,/replay-library/,/replay-library/,/replay-library/,3,3,3
Available export: 2026-07-14 to 2026-08-04 (22 days),23,2,/replay-library/,/replay-library/,/replay-library/,3,3,3
Available export: 2026-07-14 to 2026-08-04 (22 days),1,1,(session start),/replay-library/,/beginner-guide/,2,2,2
Available export: 2026-07-14 to 2026-08-04 (22 days),1,1,(session start),/replay-library/,/campaign-event/,2,2,2
Available export: 2026-07-14 to 2026-08-04 (22 days),1,1,(session start),/replay-library/,/hre/,2,2,2
Available export: 2026-07-14 to 2026-08-04 (22 days),1,1,(session start),/replay-library/,/lre/,2,2,2
Available export: 2026-07-14 to 2026-08-04 (22 days),1,1,/,/replay-library/,/about/,2,2,2
Available export: 2026-07-14 to 2026-08-04 (22 days),1,1,/about/,/replay-library/,(no next page),2,2,2
Available export: 2026-07-14 to 2026-08-04 (22 days),1,1,/about/,/replay-library/,/replay-library/,2,2,2
Available export: 2026-07-14 to 2026-08-04 (22 days),1,1,/beginner-guide/,/replay-library/,/,2,2,2
Available export: 2026-07-14 to 2026-08-04 (22 days),1,1,/beginner-guide/,/replay-library/,/replay-library/,2,2,2
Available export: 2026-07-14 to 2026-08-04 (22 days),1,1,/elite-campaigns/,/replay-library/,/elite-campaigns/,2,2,2
Available export: 2026-07-14 to 2026-08-04 (22 days),1,1,/guild-raid/,/replay-library/,/,2,2,2
Available export: 2026-07-14 to 2026-08-04 (22 days),1,1,/guild-raid/s105/,/replay-library/,/incursion-mow/,2,2,2
Available export: 2026-07-14 to 2026-08-04 (22 days),1,1,/incursion-mow/,/replay-library/,/lre/lucius/,2,2,2
Available export: 2026-07-14 to 2026-08-04 (22 days),2,1,/replay-library/,/replay-library/,/guild-raid/,2,2,2
Available export: 2026-07-14 to 2026-08-04 (22 days),4,2,/,/replay-library/,(no next page),2,2,2
Available export: 2026-07-14 to 2026-08-04 (22 days),4,2,/,/replay-library/,/replay-library/,2,2,2
Available export: 2026-07-14 to 2026-08-04 (22 days),4,1,/replay-library/,/replay-library/,/guild-raid/s105/,2,2,2
Available export: 2026-07-14 to 2026-08-04 (22 days),4,1,/replay-library/,/replay-library/,/guild-raid/s106/,2,2,1
Available export: 2026-07-14 to 2026-08-04 (22 days),4,1,/replay-library/,/replay-library/,/lre/lysander/,2,2,2
Available export: 2026-07-14 to 2026-08-04 (22 days),5,2,/guild-raid/s105/,/replay-library/,/replay-library/,2,2,2
Available export: 2026-07-14 to 2026-08-04 (22 days),5,1,/replay-library/,/replay-library/,/beginner-guide/,2,2,2
Available export: 2026-07-14 to 2026-08-04 (22 days),5,1,/replay-library/,/replay-library/,/elite-campaigns/,2,2,2
Available export: 2026-07-14 to 2026-08-04 (22 days),5,1,/replay-library/,/replay-library/,/guild-raid/boss-meta/,2,2,2
Available export: 2026-07-14 to 2026-08-04 (22 days),5,3,/replay-library/,/replay-library/,/replay-library/,2,2,2
Available export: 2026-07-14 to 2026-08-04 (22 days),6,2,/guild-raid/boss-meta/,/replay-library/,/replay-library/,2,2,2
Available export: 2026-07-14 to 2026-08-04 (22 days),6,3,/replay-library/,/replay-library/,/replay-library/,2,2,2
Available export: 2026-07-14 to 2026-08-04 (22 days),7,1,/replay-library/,/replay-library/,/,2,2,2
Available export: 2026-07-14 to 2026-08-04 (22 days),9,2,/replay-library/,/replay-library/,(no next page),2,2,2
Available export: 2026-07-14 to 2026-08-04 (22 days),10,1,/replay-library/,/replay-library/,/,2,2,2
Available export: 2026-07-14 to 2026-08-04 (22 days),11,2,/replay-library/,/replay-library/,(no next page),2,2,2
Available export: 2026-07-14 to 2026-08-04 (22 days),12,3,/replay-library/,/replay-library/,(no next page),2,2,1
Available export: 2026-07-14 to 2026-08-04 (22 days),15,2,/replay-library/,/replay-library/,(no next page),2,2,2
Available export: 2026-07-14 to 2026-08-04 (22 days),15,3,/replay-library/,/replay-library/,/replay-library/,2,2,2
Available export: 2026-07-14 to 2026-08-04 (22 days),19,3,/replay-library/,/replay-library/,/replay-library/,2,2,1
Available export: 2026-07-14 to 2026-08-04 (22 days),22,1,/replay-library/,/replay-library/,(no next page),2,2,2
Available export: 2026-07-14 to 2026-08-04 (22 days),24,1,/replay-library/,/replay-library/,/replay-library/,2,2,2
Available export: 2026-07-14 to 2026-08-04 (22 days),24,2,/replay-library/,/replay-library/,/replay-library/,2,2,2
Available export: 2026-07-14 to 2026-08-04 (22 days),25,1,/replay-library/,/replay-library/,/replay-library/,2,2,2
Available export: 2026-07-14 to 2026-08-04 (22 days),25,2,/replay-library/,/replay-library/,/replay-library/,2,2,2
Available export: 2026-07-14 to 2026-08-04 (22 days),26,1,/replay-library/,/replay-library/,/replay-library/,2,2,2
Available export: 2026-07-14 to 2026-08-04 (22 days),26,2,/replay-library/,/replay-library/,/replay-library/,2,2,2
Available export: 2026-07-14 to 2026-08-04 (22 days),27,1,/replay-library/,/replay-library/,/replay-library/,2,2,2
Available export: 2026-07-14 to 2026-08-04 (22 days),28,1,/replay-library/,/replay-library/,/replay-library/,2,2,2
Available export: 2026-07-14 to 2026-08-04 (22 days),29,1,/replay-library/,/replay-library/,/replay-library/,2,2,2
Available export: 2026-07-14 to 2026-08-04 (22 days),30,1,/replay-library/,/replay-library/,/replay-library/,2,2,2
Available export: 2026-07-14 to 2026-08-04 (22 days),31,1,/replay-library/,/replay-library/,/replay-library/,2,2,2
Available export: 2026-07-14 to 2026-08-04 (22 days),32,1,/replay-library/,/replay-library/,/replay-library/,2,2,2
Available export: 2026-07-14 to 2026-08-04 (22 days),33,1,/replay-library/,/replay-library/,/replay-library/,2,2,2
Available export: 2026-07-14 to 2026-08-04 (22 days),34,1,/replay-library/,/replay-library/,/replay-library/,2,2,2
Available export: 2026-07-14 to 2026-08-04 (22 days),35,1,/replay-library/,/replay-library/,/replay-library/,2,2,2
Available export: 2026-07-14 to 2026-08-04 (22 days),36,1,/replay-library/,/replay-library/,/replay-library/,2,2,2
Available export: 2026-07-14 to 2026-08-04 (22 days),37,1,/replay-library/,/replay-library/,/replay-library/,2,2,2
Available export: 2026-07-14 to 2026-08-04 (22 days),38,1,/replay-library/,/replay-library/,/replay-library/,2,2,2
Available export: 2026-07-14 to 2026-08-04 (22 days),39,1,/replay-library/,/replay-library/,/replay-library/,2,2,2
Available export: 2026-07-14 to 2026-08-04 (22 days),40,1,/replay-library/,/replay-library/,/replay-library/,2,2,2
Available export: 2026-07-14 to 2026-08-04 (22 days),41,1,/replay-library/,/replay-library/,/replay-library/,2,2,2
Available export: 2026-07-14 to 2026-08-04 (22 days),1,1,(session start),/replay-library/,/about/,1,1,1
Available export: 2026-07-14 to 2026-08-04 (22 days),1,1,(session start),/replay-library/,/elite-campaigns/,1,1,1
Available export: 2026-07-14 to 2026-08-04 (22 days),1,1,(session start),/replay-library/,/events/,1,1,1
Available export: 2026-07-14 to 2026-08-04 (22 days),1,1,(session start),/replay-library/,/incursion-mow/,1,1,1
Available export: 2026-07-14 to 2026-08-04 (22 days),1,1,(session start),/replay-library/,/lre/farsight/,1,1,1
Available export: 2026-07-14 to 2026-08-04 (22 days),1,1,/,/replay-library/,/elite-campaigns/,1,1,1
Available export: 2026-07-14 to 2026-08-04 (22 days),1,1,/,/replay-library/,/events/,1,1,1
Available export: 2026-07-14 to 2026-08-04 (22 days),1,1,/,/replay-library/,/guild-raid/s106/,1,1,1
Available export: 2026-07-14 to 2026-08-04 (22 days),1,1,/,/replay-library/,/lre/,1,1,1
Available export: 2026-07-14 to 2026-08-04 (22 days),1,1,/beginner-guide/,/replay-library/,(no next page),1,1,1
Available export: 2026-07-14 to 2026-08-04 (22 days),1,1,/beginner-guide/,/replay-library/,/campaigns/indomitus/,1,1,1
Available export: 2026-07-14 to 2026-08-04 (22 days),1,1,/beginner-guide/,/replay-library/,/elite-campaigns/,1,1,1
Available export: 2026-07-14 to 2026-08-04 (22 days),1,1,/campaign-event/,/replay-library/,/,1,1,1
Available export: 2026-07-14 to 2026-08-04 (22 days),1,1,/campaign-event/,/replay-library/,/lre/lucius/,1,1,1
Available export: 2026-07-14 to 2026-08-04 (22 days),1,1,/campaigns/,/replay-library/,(no next page),1,1,1
Available export: 2026-07-14 to 2026-08-04 (22 days),1,1,/campaigns/indomitus/,/replay-library/,(no next page),1,1,1
Available export: 2026-07-14 to 2026-08-04 (22 days),1,1,/campaigns/indomitus/,/replay-library/,/elite-campaigns/,1,1,1
Available export: 2026-07-14 to 2026-08-04 (22 days),1,1,/elite-campaigns/,/replay-library/,/,1,1,1
Available export: 2026-07-14 to 2026-08-04 (22 days),1,1,/elite-campaigns/,/replay-library/,/events/,1,1,1
Available export: 2026-07-14 to 2026-08-04 (22 days),1,1,/elite-campaigns/,/replay-library/,/lre/lucius/,1,1,1
Available export: 2026-07-14 to 2026-08-04 (22 days),1,1,/elite-campaigns/,/replay-library/,/lre/lysander/,1,1,1
Available export: 2026-07-14 to 2026-08-04 (22 days),1,1,/guild-raid/,/replay-library/,/guild-raid/,1,1,1
Available export: 2026-07-14 to 2026-08-04 (22 days),1,1,/guild-raid/archive/,/replay-library/,(no next page),1,1,1
Available export: 2026-07-14 to 2026-08-04 (22 days),1,1,/guild-raid/boss-meta/,/replay-library/,/about/,1,1,1
Available export: 2026-07-14 to 2026-08-04 (22 days),1,1,/guild-raid/boss-meta/,/replay-library/,/beginner-guide/,1,1,1
Available export: 2026-07-14 to 2026-08-04 (22 days),1,1,/guild-raid/boss-meta/,/replay-library/,/campaign-event/,1,1,1
Available export: 2026-07-14 to 2026-08-04 (22 days),1,1,/guild-raid/boss-meta/,/replay-library/,/events/,1,1,1
Available export: 2026-07-14 to 2026-08-04 (22 days),1,1,/guild-raid/boss-meta/,/replay-library/,/guild-raid/,1,1,1
Available export: 2026-07-14 to 2026-08-04 (22 days),1,1,/guild-raid/boss-meta/,/replay-library/,/guild-raid/s105/,1,1,1
Available export: 2026-07-14 to 2026-08-04 (22 days),1,1,/guild-raid/boss-meta/,/replay-library/,/lre/farsight/,1,1,1
Available export: 2026-07-14 to 2026-08-04 (22 days),1,1,/guild-raid/boss-meta/,/replay-library/,/lre/lucius/,1,1,1
Available export: 2026-07-14 to 2026-08-04 (22 days),1,1,/guild-raid/s104/,/replay-library/,(no next page),1,1,1
Available export: 2026-07-14 to 2026-08-04 (22 days),1,1,/guild-raid/s104/,/replay-library/,/guild-raid/,1,1,1
Available export: 2026-07-14 to 2026-08-04 (22 days),1,1,/guild-raid/s104/,/replay-library/,/guild-raid/s104/,1,1,1
Available export: 2026-07-14 to 2026-08-04 (22 days),1,1,/guild-raid/s105/,/replay-library/,/beginner-guide/,1,1,1
Available export: 2026-07-14 to 2026-08-04 (22 days),1,1,/guild-raid/s105/,/replay-library/,/guild-raid/,1,1,1
Available export: 2026-07-14 to 2026-08-04 (22 days),1,1,/guild-raid/s105/,/replay-library/,/lre/lucius/,1,1,1
Available export: 2026-07-14 to 2026-08-04 (22 days),1,1,/guild-raid/s106/,/replay-library/,/,1,1,1
Available export: 2026-07-14 to 2026-08-04 (22 days),1,1,/guild-raid/s106/,/replay-library/,/guild-raid/,1,1,1
Available export: 2026-07-14 to 2026-08-04 (22 days),1,1,/guild-raid/s106/,/replay-library/,/guild-raid/boss-meta/,1,1,1
Available export: 2026-07-14 to 2026-08-04 (22 days),1,1,/guild-raid/s106/,/replay-library/,/guild-raid/s106/,1,1,1
Available export: 2026-07-14 to 2026-08-04 (22 days),1,1,/hre/,/replay-library/,/replay-library/,1,1,1
Available export: 2026-07-14 to 2026-08-04 (22 days),1,1,/incursion-mow/,/replay-library/,(no next page),1,1,1
Available export: 2026-07-14 to 2026-08-04 (22 days),1,1,/incursion-mow/,/replay-library/,/,1,1,1
Available export: 2026-07-14 to 2026-08-04 (22 days),1,1,/lre/,/replay-library/,/,1,1,1
Available export: 2026-07-14 to 2026-08-04 (22 days),1,1,/lre/,/replay-library/,/replay-library/,1,1,1
Available export: 2026-07-14 to 2026-08-04 (22 days),1,1,/lre/lucius/,/replay-library/,(no next page),1,1,1
Available export: 2026-07-14 to 2026-08-04 (22 days),1,1,/lre/lucius/,/replay-library/,/,1,1,1
Available export: 2026-07-14 to 2026-08-04 (22 days),1,1,/lre/lucius/,/replay-library/,/guild-raid/boss-meta/,1,1,1
Available export: 2026-07-14 to 2026-08-04 (22 days),1,1,/lre/lucius/,/replay-library/,/replay-library/,1,1,1
Available export: 2026-07-14 to 2026-08-04 (22 days),1,1,/lre/lysander/,/replay-library/,/campaign-event/,1,1,1
Available export: 2026-07-14 to 2026-08-04 (22 days),1,1,/lre/lysander/,/replay-library/,/lre/uthar/,1,1,1
Available export: 2026-07-14 to 2026-08-04 (22 days),1,1,/lre/uthar/,/replay-library/,/elite-campaigns/,1,1,1
Available export: 2026-07-14 to 2026-08-04 (22 days),1,1,/replay/,/replay-library/,(no next page),1,1,1
Available export: 2026-07-14 to 2026-08-04 (22 days),2,2,/about/,/replay-library/,/,1,1,1
Available export: 2026-07-14 to 2026-08-04 (22 days),2,2,/about/,/replay-library/,/replay-library/,1,1,1
Available export: 2026-07-14 to 2026-08-04 (22 days),2,2,/beginner-guide/,/replay-library/,/beginner-guide/,1,1,1
Available export: 2026-07-14 to 2026-08-04 (22 days),2,2,/beginner-guide/,/replay-library/,/replay-library/,1,1,1
Available export: 2026-07-14 to 2026-08-04 (22 days),2,2,/campaign-event/,/replay-library/,/,1,1,1
Available export: 2026-07-14 to 2026-08-04 (22 days),2,2,/campaigns/indomitus/,/replay-library/,/campaigns/,1,1,1
Available export: 2026-07-14 to 2026-08-04 (22 days),2,2,/campaigns/indomitus/,/replay-library/,/replay-library/,1,1,1
Available export: 2026-07-14 to 2026-08-04 (22 days),2,2,/elite-campaigns/,/replay-library/,/replay-library/,1,1,1
Available export: 2026-07-14 to 2026-08-04 (22 days),2,2,/guild-raid/,/replay-library/,/,1,1,1
Available export: 2026-07-14 to 2026-08-04 (22 days),2,2,/guild-raid/,/replay-library/,/guild-raid/,1,1,1
Available export: 2026-07-14 to 2026-08-04 (22 days),2,2,/guild-raid/,/replay-library/,/guild-raid/boss-meta/,1,1,1
Available export: 2026-07-14 to 2026-08-04 (22 days),2,2,/guild-raid/archive/,/replay-library/,(no next page),1,1,1
Available export: 2026-07-14 to 2026-08-04 (22 days),2,2,/guild-raid/boss-meta/,/replay-library/,/about/,1,1,1
Available export: 2026-07-14 to 2026-08-04 (22 days),2,2,/guild-raid/boss-meta/,/replay-library/,/beginner-guide/,1,1,1
Available export: 2026-07-14 to 2026-08-04 (22 days),2,2,/guild-raid/boss-meta/,/replay-library/,/guild-raid/boss-meta/,1,1,1
Available export: 2026-07-14 to 2026-08-04 (22 days),2,2,/guild-raid/s106/,/replay-library/,(no next page),1,1,1
Available export: 2026-07-14 to 2026-08-04 (22 days),2,2,/guild-raid/s106/,/replay-library/,/lre/lysander/,1,1,1
Available export: 2026-07-14 to 2026-08-04 (22 days),2,2,/lre/lysander/,/replay-library/,/elite-campaigns/,1,1,1
Available export: 2026-07-14 to 2026-08-04 (22 days),2,1,/replay-library/,/replay-library/,/elite-campaigns/,1,1,1
Available export: 2026-07-14 to 2026-08-04 (22 days),2,1,/replay-library/,/replay-library/,/guild-raid/archive/,1,1,1
Available export: 2026-07-14 to 2026-08-04 (22 days),2,1,/replay-library/,/replay-library/,/incursion-mow/,1,1,1
Available export: 2026-07-14 to 2026-08-04 (22 days),2,1,/replay-library/,/replay-library/,/lre/lysander/,1,1,1
Available export: 2026-07-14 to 2026-08-04 (22 days),3,3,/,/replay-library/,(no next page),1,1,1
Available export: 2026-07-14 to 2026-08-04 (22 days),3,2,/,/replay-library/,/incursion-mow/,1,1,1
Available export: 2026-07-14 to 2026-08-04 (22 days),3,2,/about/,/replay-library/,/elite-campaigns/,1,1,1
Available export: 2026-07-14 to 2026-08-04 (22 days),3,2,/beginner-guide/,/replay-library/,/replay-library/,1,1,1
Available export: 2026-07-14 to 2026-08-04 (22 days),3,3,/elite-campaigns/,/replay-library/,/lre/lysander/,1,1,1
Available export: 2026-07-14 to 2026-08-04 (22 days),3,3,/guild-raid/,/replay-library/,(no next page),1,1,1
Available export: 2026-07-14 to 2026-08-04 (22 days),3,2,/guild-raid/,/replay-library/,/replay-library/,1,1,1
Available export: 2026-07-14 to 2026-08-04 (22 days),3,3,/guild-raid/boss-meta/,/replay-library/,(no next page),1,1,1
Available export: 2026-07-14 to 2026-08-04 (22 days),3,2,/guild-raid/boss-meta/,/replay-library/,/replay-library/,1,1,1
Available export: 2026-07-14 to 2026-08-04 (22 days),3,3,/guild-raid/s105/,/replay-library/,/beginner-guide/,1,1,1
Available export: 2026-07-14 to 2026-08-04 (22 days),3,2,/guild-raid/s105/,/replay-library/,/replay-library/,1,1,1
Available export: 2026-07-14 to 2026-08-04 (22 days),3,2,/guild-raid/s106/,/replay-library/,(no next page),1,1,1
Available export: 2026-07-14 to 2026-08-04 (22 days),3,2,/guild-raid/s106/,/replay-library/,/replay-library/,1,1,1
Available export: 2026-07-14 to 2026-08-04 (22 days),3,3,/lre/lysander/,/replay-library/,/replay-library/,1,1,1
Available export: 2026-07-14 to 2026-08-04 (22 days),3,2,/replay-library/,/replay-library/,/,1,1,1
Available export: 2026-07-14 to 2026-08-04 (22 days),3,1,/replay-library/,/replay-library/,/about/,1,1,1
Available export: 2026-07-14 to 2026-08-04 (22 days),3,1,/replay-library/,/replay-library/,/beginner-guide/,1,1,1
Available export: 2026-07-14 to 2026-08-04 (22 days),3,1,/replay-library/,/replay-library/,/elite-campaigns/,1,1,1
Available export: 2026-07-14 to 2026-08-04 (22 days),3,1,/replay-library/,/replay-library/,/guild-raid/,1,1,1
Available export: 2026-07-14 to 2026-08-04 (22 days),3,2,/replay-library/,/replay-library/,/guild-raid/archive/,1,1,1
Available export: 2026-07-14 to 2026-08-04 (22 days),3,1,/replay-library/,/replay-library/,/guild-raid/s105/,1,1,1
Available export: 2026-07-14 to 2026-08-04 (22 days),3,2,/replay-library/,/replay-library/,/guild-raid/s105/,1,1,1
Available export: 2026-07-14 to 2026-08-04 (22 days),3,1,/replay-library/,/replay-library/,/lre/uthar/,1,1,1
Available export: 2026-07-14 to 2026-08-04 (22 days),4,3,/,/replay-library/,/replay-library/,1,1,1
Available export: 2026-07-14 to 2026-08-04 (22 days),4,2,/elite-campaigns/,/replay-library/,/replay-library/,1,1,1
Available export: 2026-07-14 to 2026-08-04 (22 days),4,2,/guild-raid/,/replay-library/,/replay-library/,1,1,1
Available export: 2026-07-14 to 2026-08-04 (22 days),4,4,/guild-raid/boss-meta/,/replay-library/,/beginner-guide/,1,1,1
Available export: 2026-07-14 to 2026-08-04 (22 days),4,3,/guild-raid/s105/,/replay-library/,(no next page),1,1,1
Available export: 2026-07-14 to 2026-08-04 (22 days),4,2,/replay-library/,/replay-library/,/,1,1,1
Available export: 2026-07-14 to 2026-08-04 (22 days),4,1,/replay-library/,/replay-library/,/about/,1,1,1
Available export: 2026-07-14 to 2026-08-04 (22 days),4,1,/replay-library/,/replay-library/,/beginner-guide/,1,1,1
Available export: 2026-07-14 to 2026-08-04 (22 days),4,1,/replay-library/,/replay-library/,/elite-campaigns/,1,1,1
Available export: 2026-07-14 to 2026-08-04 (22 days),4,2,/replay-library/,/replay-library/,/guild-raid/,1,1,1
Available export: 2026-07-14 to 2026-08-04 (22 days),4,1,/replay-library/,/replay-library/,/guild-raid/,1,1,1
Available export: 2026-07-14 to 2026-08-04 (22 days),4,2,/replay-library/,/replay-library/,/guild-raid/s106/,1,1,1
Available export: 2026-07-14 to 2026-08-04 (22 days),4,3,/replay-library/,/replay-library/,/replay-library/,1,1,1
Available export: 2026-07-14 to 2026-08-04 (22 days),5,2,/about/,/replay-library/,(no next page),1,1,1
Available export: 2026-07-14 to 2026-08-04 (22 days),5,2,/beginner-guide/,/replay-library/,/replay-library/,1,1,1
Available export: 2026-07-14 to 2026-08-04 (22 days),5,2,/guild-raid/boss-meta/,/replay-library/,/,1,1,1
Available export: 2026-07-14 to 2026-08-04 (22 days),5,2,/guild-raid/boss-meta/,/replay-library/,/replay-library/,1,1,1
Available export: 2026-07-14 to 2026-08-04 (22 days),5,2,/guild-raid/s106/,/replay-library/,/replay-library/,1,1,1
Available export: 2026-07-14 to 2026-08-04 (22 days),5,1,/replay-library/,/replay-library/,/guild-raid/s106/,1,1,1
Available export: 2026-07-14 to 2026-08-04 (22 days),5,2,/replay-library/,/replay-library/,/hre/,1,1,1
Available export: 2026-07-14 to 2026-08-04 (22 days),6,3,/,/replay-library/,(no next page),1,1,1
Available export: 2026-07-14 to 2026-08-04 (22 days),6,2,/elite-campaigns/,/replay-library/,(no next page),1,1,1
Available export: 2026-07-14 to 2026-08-04 (22 days),6,2,/guild-raid/s105/,/replay-library/,/replay-library/,1,1,1
Available export: 2026-07-14 to 2026-08-04 (22 days),6,2,/replay-library/,/replay-library/,/,1,1,1
Available export: 2026-07-14 to 2026-08-04 (22 days),6,1,/replay-library/,/replay-library/,/about/,1,1,1
Available export: 2026-07-14 to 2026-08-04 (22 days),6,2,/replay-library/,/replay-library/,/beginner-guide/,1,1,1
Available export: 2026-07-14 to 2026-08-04 (22 days),6,2,/replay-library/,/replay-library/,/guild-raid/archive/,1,1,1
Available export: 2026-07-14 to 2026-08-04 (22 days),6,1,/replay-library/,/replay-library/,/guild-raid/s105/,1,1,1
Available export: 2026-07-14 to 2026-08-04 (22 days),6,1,/replay-library/,/replay-library/,/guild-raid/s106/,1,1,1
Available export: 2026-07-14 to 2026-08-04 (22 days),6,1,/replay-library/,/replay-library/,/lre/lysander/,1,1,1
Available export: 2026-07-14 to 2026-08-04 (22 days),7,2,/,/replay-library/,/replay-library/,1,1,1
Available export: 2026-07-14 to 2026-08-04 (22 days),7,3,/,/replay-library/,/replay-library/,1,1,1
Available export: 2026-07-14 to 2026-08-04 (22 days),7,3,/guild-raid/boss-meta/,/replay-library/,/replay-library/,1,1,1
Available export: 2026-07-14 to 2026-08-04 (22 days),7,3,/guild-raid/s102/,/replay-library/,(no next page),1,1,1
Available export: 2026-07-14 to 2026-08-04 (22 days),7,2,/guild-raid/s105/,/replay-library/,/,1,1,1
Available export: 2026-07-14 to 2026-08-04 (22 days),7,2,/lre/farsight/,/replay-library/,/replay-library/,1,1,1
Available export: 2026-07-14 to 2026-08-04 (22 days),7,3,/replay-library/,/replay-library/,(no next page),1,1,1
Available export: 2026-07-14 to 2026-08-04 (22 days),7,2,/replay-library/,/replay-library/,/,1,1,1
Available export: 2026-07-14 to 2026-08-04 (22 days),7,1,/replay-library/,/replay-library/,/guild-raid/s106/,1,1,1
Available export: 2026-07-14 to 2026-08-04 (22 days),7,3,/replay-library/,/replay-library/,/replay-library/,1,1,1
Available export: 2026-07-14 to 2026-08-04 (22 days),8,3,/,/replay-library/,(no next page),1,1,1
Available export: 2026-07-14 to 2026-08-04 (22 days),8,2,/,/replay-library/,/replay-library/,1,1,1
Available export: 2026-07-14 to 2026-08-04 (22 days),8,2,/guild-raid/s106/,/replay-library/,/replay-library/,1,1,1
Available export: 2026-07-14 to 2026-08-04 (22 days),8,1,/replay-library/,/replay-library/,/,1,1,1
Available export: 2026-07-14 to 2026-08-04 (22 days),8,2,/replay-library/,/replay-library/,/,1,1,1
Available export: 2026-07-14 to 2026-08-04 (22 days),8,1,/replay-library/,/replay-library/,/beginner-guide/,1,1,1
Available export: 2026-07-14 to 2026-08-04 (22 days),9,2,/,/replay-library/,/replay-library/,1,1,1
Available export: 2026-07-14 to 2026-08-04 (22 days),9,3,/,/replay-library/,/replay-library/,1,1,1
Available export: 2026-07-14 to 2026-08-04 (22 days),9,2,/about/,/replay-library/,/,1,1,1
Available export: 2026-07-14 to 2026-08-04 (22 days),9,2,/replay-library/,/replay-library/,/,1,1,1
Available export: 2026-07-14 to 2026-08-04 (22 days),9,1,/replay-library/,/replay-library/,/guild-raid/,1,1,1
Available export: 2026-07-14 to 2026-08-04 (22 days),9,1,/replay-library/,/replay-library/,/guild-raid/s105/,1,1,1
Available export: 2026-07-14 to 2026-08-04 (22 days),9,1,/replay-library/,/replay-library/,/lre/lysander/,1,1,1
Available export: 2026-07-14 to 2026-08-04 (22 days),10,3,/,/replay-library/,/replay-library/,1,1,1
Available export: 2026-07-14 to 2026-08-04 (22 days),10,3,/replay-library/,/replay-library/,(no next page),1,1,1
Available export: 2026-07-14 to 2026-08-04 (22 days),10,2,/replay-library/,/replay-library/,/,1,1,1
Available export: 2026-07-14 to 2026-08-04 (22 days),10,1,/replay-library/,/replay-library/,/guild-raid/boss-meta/,1,1,1
Available export: 2026-07-14 to 2026-08-04 (22 days),10,1,/replay-library/,/replay-library/,/guild-raid/s105/,1,1,1
Available export: 2026-07-14 to 2026-08-04 (22 days),11,2,/,/replay-library/,/replay-library/,1,1,1
Available export: 2026-07-14 to 2026-08-04 (22 days),11,3,/,/replay-library/,/replay-library/,1,1,1
Available export: 2026-07-14 to 2026-08-04 (22 days),11,2,/guild-raid/boss-meta/,/replay-library/,/replay-library/,1,1,1
Available export: 2026-07-14 to 2026-08-04 (22 days),11,1,/replay-library/,/replay-library/,/,1,1,1
Available export: 2026-07-14 to 2026-08-04 (22 days),11,2,/replay-library/,/replay-library/,/,1,1,1
Available export: 2026-07-14 to 2026-08-04 (22 days),11,2,/replay-library/,/replay-library/,/guild-raid/s106/,1,1,1
Available export: 2026-07-14 to 2026-08-04 (22 days),12,2,/,/replay-library/,/replay-library/,1,1,1
Available export: 2026-07-14 to 2026-08-04 (22 days),12,3,/,/replay-library/,/replay-library/,1,1,1
Available export: 2026-07-14 to 2026-08-04 (22 days),12,1,/replay-library/,/replay-library/,/guild-raid/s105/,1,1,1
Available export: 2026-07-14 to 2026-08-04 (22 days),12,2,/replay-library/,/replay-library/,/guild-raid/s106/,1,1,1
Available export: 2026-07-14 to 2026-08-04 (22 days),13,3,/guild-raid/s106/,/replay-library/,/replay-library/,1,1,1
Available export: 2026-07-14 to 2026-08-04 (22 days),13,3,/replay-library/,/replay-library/,/,1,1,1
Available export: 2026-07-14 to 2026-08-04 (22 days),14,4,/,/replay-library/,/,1,1,1
Available export: 2026-07-14 to 2026-08-04 (22 days),14,3,/replay-library/,/replay-library/,(no next page),1,1,1
Available export: 2026-07-14 to 2026-08-04 (22 days),14,1,/replay-library/,/replay-library/,/,1,1,1
Available export: 2026-07-14 to 2026-08-04 (22 days),14,1,/replay-library/,/replay-library/,/guild-raid/boss-meta/,1,1,1
Available export: 2026-07-14 to 2026-08-04 (22 days),15,5,/,/replay-library/,/replay-library/,1,1,1
Available export: 2026-07-14 to 2026-08-04 (22 days),15,2,/guild-raid/,/replay-library/,/replay-library/,1,1,1
Available export: 2026-07-14 to 2026-08-04 (22 days),15,3,/replay-library/,/replay-library/,(no next page),1,1,1
Available export: 2026-07-14 to 2026-08-04 (22 days),15,2,/replay-library/,/replay-library/,/,1,1,1
Available export: 2026-07-14 to 2026-08-04 (22 days),16,3,/replay-library/,/replay-library/,(no next page),1,1,1
Available export: 2026-07-14 to 2026-08-04 (22 days),16,3,/replay-library/,/replay-library/,/replay-library/,1,1,1
Available export: 2026-07-14 to 2026-08-04 (22 days),16,5,/replay-library/,/replay-library/,/replay-library/,1,1,1
Available export: 2026-07-14 to 2026-08-04 (22 days),17,2,/replay-library/,/replay-library/,/,1,1,1
Available export: 2026-07-14 to 2026-08-04 (22 days),17,3,/replay-library/,/replay-library/,/replay-library/,1,1,1
Available export: 2026-07-14 to 2026-08-04 (22 days),17,5,/replay-library/,/replay-library/,/replay-library/,1,1,1
Available export: 2026-07-14 to 2026-08-04 (22 days),18,3,/,/replay-library/,/replay-library/,1,1,1
Available export: 2026-07-14 to 2026-08-04 (22 days),18,1,/replay-library/,/replay-library/,(no next page),1,1,1
Available export: 2026-07-14 to 2026-08-04 (22 days),18,5,/replay-library/,/replay-library/,(no next page),1,1,1
Available export: 2026-07-14 to 2026-08-04 (22 days),18,3,/replay-library/,/replay-library/,/replay-library/,1,1,1
Available export: 2026-07-14 to 2026-08-04 (22 days),19,1,/replay-library/,/replay-library/,(no next page),1,1,1
Available export: 2026-07-14 to 2026-08-04 (22 days),19,2,/replay-library/,/replay-library/,(no next page),1,1,1
Available export: 2026-07-14 to 2026-08-04 (22 days),19,1,/replay-library/,/replay-library/,/guild-raid/s106/,1,1,1
Available export: 2026-07-14 to 2026-08-04 (22 days),20,3,/replay-library/,/replay-library/,/,1,1,1
Available export: 2026-07-14 to 2026-08-04 (22 days),20,3,/replay-library/,/replay-library/,/replay-library/,1,1,1
Available export: 2026-07-14 to 2026-08-04 (22 days),21,4,/,/replay-library/,/replay-library/,1,1,1
Available export: 2026-07-14 to 2026-08-04 (22 days),21,3,/replay-library/,/replay-library/,/replay-library/,1,1,1
Available export: 2026-07-14 to 2026-08-04 (22 days),22,3,/replay-library/,/replay-library/,/replay-library/,1,1,1
Available export: 2026-07-14 to 2026-08-04 (22 days),22,4,/replay-library/,/replay-library/,/replay-library/,1,1,1
Available export: 2026-07-14 to 2026-08-04 (22 days),23,3,/replay-library/,/replay-library/,(no next page),1,1,1
Available export: 2026-07-14 to 2026-08-04 (22 days),23,4,/replay-library/,/replay-library/,/replay-library/,1,1,1
Available export: 2026-07-14 to 2026-08-04 (22 days),24,1,/replay-library/,/replay-library/,(no next page),1,1,1
Available export: 2026-07-14 to 2026-08-04 (22 days),24,2,/replay-library/,/replay-library/,(no next page),1,1,1
Available export: 2026-07-14 to 2026-08-04 (22 days),24,4,/replay-library/,/replay-library/,/replay-library/,1,1,1
Available export: 2026-07-14 to 2026-08-04 (22 days),25,4,/replay-library/,/replay-library/,/replay-library/,1,1,1
Available export: 2026-07-14 to 2026-08-04 (22 days),26,4,/replay-library/,/replay-library/,/,1,1,1
Available export: 2026-07-14 to 2026-08-04 (22 days),27,5,/,/replay-library/,/replay-library/,1,1,1
Available export: 2026-07-14 to 2026-08-04 (22 days),27,2,/replay-library/,/replay-library/,(no next page),1,1,1
Available export: 2026-07-14 to 2026-08-04 (22 days),27,2,/replay-library/,/replay-library/,/replay-library/,1,1,1
Available export: 2026-07-14 to 2026-08-04 (22 days),28,2,/replay-library/,/replay-library/,/replay-library/,1,1,1
Available export: 2026-07-14 to 2026-08-04 (22 days),28,5,/replay-library/,/replay-library/,/replay-library/,1,1,1
Available export: 2026-07-14 to 2026-08-04 (22 days),29,2,/replay-library/,/replay-library/,/replay-library/,1,1,1
Available export: 2026-07-14 to 2026-08-04 (22 days),29,5,/replay-library/,/replay-library/,/replay-library/,1,1,1
Available export: 2026-07-14 to 2026-08-04 (22 days),30,5,/replay-library/,/replay-library/,/,1,1,1
Available export: 2026-07-14 to 2026-08-04 (22 days),30,2,/replay-library/,/replay-library/,/replay-library/,1,1,1
Available export: 2026-07-14 to 2026-08-04 (22 days),31,6,/,/replay-library/,/replay-library/,1,1,1
Available export: 2026-07-14 to 2026-08-04 (22 days),31,2,/replay-library/,/replay-library/,/replay-library/,1,1,1
Available export: 2026-07-14 to 2026-08-04 (22 days),32,2,/replay-library/,/replay-library/,/guild-raid/s105/,1,1,1
Available export: 2026-07-14 to 2026-08-04 (22 days),32,6,/replay-library/,/replay-library/,/replay-library/,1,1,1
Available export: 2026-07-14 to 2026-08-04 (22 days),33,6,/replay-library/,/replay-library/,/replay-library/,1,1,1
Available export: 2026-07-14 to 2026-08-04 (22 days),34,6,/replay-library/,/replay-library/,/replay-library/,1,1,1
Available export: 2026-07-14 to 2026-08-04 (22 days),35,6,/replay-library/,/replay-library/,/replay-library/,1,1,1
Available export: 2026-07-14 to 2026-08-04 (22 days),36,6,/replay-library/,/replay-library/,/replay-library/,1,1,1
Available export: 2026-07-14 to 2026-08-04 (22 days),37,6,/replay-library/,/replay-library/,/replay-library/,1,1,1
Available export: 2026-07-14 to 2026-08-04 (22 days),38,6,/replay-library/,/replay-library/,/replay-library/,1,1,1
Available export: 2026-07-14 to 2026-08-04 (22 days),39,6,/replay-library/,/replay-library/,/replay-library/,1,1,1
Available export: 2026-07-14 to 2026-08-04 (22 days),40,6,/replay-library/,/replay-library/,/replay-library/,1,1,1
Available export: 2026-07-14 to 2026-08-04 (22 days),41,6,/replay-library/,/replay-library/,/replay-library/,1,1,1
Available export: 2026-07-14 to 2026-08-04 (22 days),42,1,/replay-library/,/replay-library/,(no next page),1,1,1
Available export: 2026-07-14 to 2026-08-04 (22 days),42,1,/replay-library/,/replay-library/,/replay-library/,1,1,1
Available export: 2026-07-14 to 2026-08-04 (22 days),42,6,/replay-library/,/replay-library/,/replay-library/,1,1,1
Available export: 2026-07-14 to 2026-08-04 (22 days),43,1,/replay-library/,/replay-library/,/replay-library/,1,1,1
Available export: 2026-07-14 to 2026-08-04 (22 days),43,6,/replay-library/,/replay-library/,/replay-library/,1,1,1
Available export: 2026-07-14 to 2026-08-04 (22 days),44,1,/replay-library/,/replay-library/,/replay-library/,1,1,1
Available export: 2026-07-14 to 2026-08-04 (22 days),44,6,/replay-library/,/replay-library/,/replay-library/,1,1,1
Available export: 2026-07-14 to 2026-08-04 (22 days),45,1,/replay-library/,/replay-library/,/replay-library/,1,1,1
Available export: 2026-07-14 to 2026-08-04 (22 days),45,6,/replay-library/,/replay-library/,/replay-library/,1,1,1
Available export: 2026-07-14 to 2026-08-04 (22 days),46,1,/replay-library/,/replay-library/,/replay-library/,1,1,1
Available export: 2026-07-14 to 2026-08-04 (22 days),46,6,/replay-library/,/replay-library/,/replay-library/,1,1,1
Available export: 2026-07-14 to 2026-08-04 (22 days),47,6,/replay-library/,/replay-library/,(no next page),1,1,1
Available export: 2026-07-14 to 2026-08-04 (22 days),47,1,/replay-library/,/replay-library/,/replay-library/,1,1,1
Available export: 2026-07-14 to 2026-08-04 (22 days),48,1,/replay-library/,/replay-library/,/replay-library/,1,1,1
Available export: 2026-07-14 to 2026-08-04 (22 days),49,1,/replay-library/,/replay-library/,/replay-library/,1,1,1
Available export: 2026-07-14 to 2026-08-04 (22 days),50,1,/replay-library/,/replay-library/,/replay-library/,1,1,1
Available export: 2026-07-14 to 2026-08-04 (22 days),51,1,/replay-library/,/replay-library/,/replay-library/,1,1,1
Available export: 2026-07-14 to 2026-08-04 (22 days),52,1,/replay-library/,/replay-library/,/replay-library/,1,1,1
Available export: 2026-07-14 to 2026-08-04 (22 days),53,1,/replay-library/,/replay-library/,(no next page),1,1,1
