window_label,normalized_entry_channel,replay_was_landing_page,previous_page_path,landing_page_path,replay_entry_referrer_host,sessions,users,replay_page_views
7 days (exact),Internal navigation,false,/,/,terminusmaximus.com,187,110,959
7 days (exact),Direct or unattributed,true,(none),/replay-library/,(missing),160,79,628
7 days (exact),Reddit,true,(none),/replay-library/,(missing),136,39,492
7 days (exact),Direct or unattributed,true,(none),/replay-library/,terminusmaximus.com,106,38,269
7 days (exact),Google organic,true,(none),/replay-library/,terminusmaximus.com,92,40,218
7 days (exact),Reddit,true,(none),/replay-library/,terminusmaximus.com,73,21,183
7 days (exact),Google organic,true,(none),/replay-library/,www.google.com,38,21,136
7 days (exact),Google organic,true,(none),/replay-library/,(missing),36,10,137
7 days (exact),Internal navigation,false,/guild-raid/boss-meta/,/guild-raid/boss-meta/,terminusmaximus.com,22,10,84
7 days (exact),Reddit,true,(none),/replay-library/,www.reddit.com,22,12,94
7 days (exact),Discord,true,(none),/replay-library/,(missing),11,4,49
7 days (exact),Internal navigation,false,/guild-raid/s106/,/,terminusmaximus.com,11,9,74
7 days (exact),Other external,true,(none),/replay-library/,terminusmaximus.com,10,2,33
7 days (exact),Discord,true,(none),/replay-library/,terminusmaximus.com,9,1,13
7 days (exact),Internal navigation,false,/guild-raid/s106/,/guild-raid/s106/,terminusmaximus.com,9,9,33
7 days (exact),Internal navigation,false,/guild-raid/s105/,/guild-raid/s105/,terminusmaximus.com,8,4,44
7 days (exact),Other external,true,(none),/replay-library/,duckduckgo.com,8,2,14
7 days (exact),Reddit,true,(none),/replay-library/,com.reddit.frontpage,8,3,43
7 days (exact),Internal navigation,false,/guild-raid/,/guild-raid/,terminusmaximus.com,6,6,33
7 days (exact),Internal navigation,false,/elite-campaigns/,/,terminusmaximus.com,4,4,11
7 days (exact),Internal navigation,false,/guild-raid/boss-meta/,/,terminusmaximus.com,4,4,10
7 days (exact),Internal navigation,false,/lre/lysander/,/,terminusmaximus.com,4,4,13
7 days (exact),Direct or unattributed,true,(none),/replay-library/,com.reddit.frontpage,3,3,13
7 days (exact),Internal navigation,false,/beginner-guide/,/beginner-guide/,terminusmaximus.com,3,3,11
7 days (exact),Internal navigation,false,/campaign-event/,/,terminusmaximus.com,3,3,6
7 days (exact),Internal navigation,false,/guild-raid/s103/,/guild-raid/s103/,terminusmaximus.com,3,3,11
7 days (exact),Internal navigation,false,/guild-raid/s105/,/,terminusmaximus.com,3,3,5
7 days (exact),Internal navigation,false,/,/lre/lysander/,terminusmaximus.com,2,2,3
7 days (exact),Internal navigation,false,/elite-campaigns/,/elite-campaigns/,terminusmaximus.com,2,2,10
7 days (exact),Internal navigation,false,/guild-raid/boss-meta/,/guild-raid/boss-meta/,(missing),2,1,6
7 days (exact),Internal navigation,false,/guild-raid/s106/,/guild-raid/s106/,(missing),2,2,14
7 days (exact),Other external,true,(none),/replay-library/,(missing),2,2,3
7 days (exact),Reddit,true,(none),/replay-library/,l.facebook.com,2,1,6
7 days (exact),Direct or unattributed,true,(none),/replay-library/,www.terminusmaximus.com,1,1,1
7 days (exact),Internal navigation,false,/,/guild-raid/s106/,terminusmaximus.com,1,1,1
7 days (exact),Internal navigation,false,/,/beginner-guide/,terminusmaximus.com,1,1,7
7 days (exact),Internal navigation,false,/,/elite-campaigns/,terminusmaximus.com,1,1,6
7 days (exact),Internal navigation,false,/,/elite-campaigns/,www.terminusmaximus.com,1,1,1
7 days (exact),Internal navigation,false,/about/,/,terminusmaximus.com,1,1,14
7 days (exact),Internal navigation,false,/beginner-guide/,/elite-campaigns/,terminusmaximus.com,1,1,1
7 days (exact),Internal navigation,false,/beginner-guide/,/,terminusmaximus.com,1,1,1
7 days (exact),Internal navigation,false,/campaign-event/,/lre/lysander/,terminusmaximus.com,1,1,2
7 days (exact),Internal navigation,false,/campaign-event/,/campaign-event/,terminusmaximus.com,1,1,2
7 days (exact),Internal navigation,false,/campaigns/,/,terminusmaximus.com,1,1,1
7 days (exact),Internal navigation,false,/campaigns/indomitus/,"/),/",terminusmaximus.com,1,1,1
7 days (exact),Internal navigation,false,/campaigns/indomitus/,/,terminusmaximus.com,1,1,3
7 days (exact),Internal navigation,false,/elite-campaigns/,/events/,www.terminusmaximus.com,1,1,1
7 days (exact),Internal navigation,false,/elite-campaigns/,/lre/lucius/,terminusmaximus.com,1,1,1
7 days (exact),Internal navigation,false,/elite-campaigns/,/beginner-guide/,terminusmaximus.com,1,1,1
7 days (exact),Internal navigation,false,/guild-raid/,/,terminusmaximus.com,1,1,1
7 days (exact),Internal navigation,false,/guild-raid/,/guild-raid/s104/,terminusmaximus.com,1,1,1
7 days (exact),Internal navigation,false,/guild-raid/boss-meta/,/elite-campaigns/,terminusmaximus.com,1,1,1
7 days (exact),Internal navigation,false,/guild-raid/boss-meta/,/lre/lysander/,terminusmaximus.com,1,1,5
7 days (exact),Internal navigation,false,/guild-raid/boss-meta/,/guild-raid/,terminusmaximus.com,1,1,1
7 days (exact),Internal navigation,false,/guild-raid/boss-meta/,/guild-raid/s105/,terminusmaximus.com,1,1,4
7 days (exact),Internal navigation,false,/guild-raid/s104/,/guild-raid/s104/,terminusmaximus.com,1,1,1
7 days (exact),Internal navigation,false,/guild-raid/s105/,/campaign-event/,terminusmaximus.com,1,1,1
7 days (exact),Internal navigation,false,/guild-raid/s105/,/guild-raid/s105/,(missing),1,1,5
7 days (exact),Internal navigation,false,/guild-raid/s106/,/guild-raid/,(missing),1,1,1
7 days (exact),Internal navigation,false,/guild-raid/s106/,/guild-raid/s105/,terminusmaximus.com,1,1,3
7 days (exact),Internal navigation,false,/guild-raid/s106/,/guild-raid/,terminusmaximus.com,1,1,4
7 days (exact),Internal navigation,false,/guild-raid/s106/,/guild-raid/s103/,terminusmaximus.com,1,1,6
7 days (exact),Internal navigation,false,/guild-raid/s106/,/lre/lysander/,terminusmaximus.com,1,1,2
7 days (exact),Internal navigation,false,/hre/,/lre/lysander/,terminusmaximus.com,1,1,3
7 days (exact),Internal navigation,false,/incursion-mow/,/guild-raid/s106/,terminusmaximus.com,1,1,1
7 days (exact),Internal navigation,false,/lre/,/lre/lysander/,terminusmaximus.com,1,1,9
7 days (exact),Internal navigation,false,/lre/lucius/,/lre/lucius/,terminusmaximus.com,1,1,4
7 days (exact),Internal navigation,false,/lre/lucius/,/incursion-mow/,terminusmaximus.com,1,1,1
7 days (exact),Internal navigation,false,/lre/lysander/,/beginner-guide/,terminusmaximus.com,1,1,4
7 days (exact),Internal navigation,false,/lre/lysander/,/,www.terminusmaximus.com,1,1,4
7 days (exact),Other external,true,(none),/replay-library/,www.bing.com,1,1,3
28 days (available 22 of requested 28),Direct or unattributed,true,(none),/replay-library/,(missing),420,183,1150
28 days (available 22 of requested 28),Reddit,true,(none),/replay-library/,(missing),389,93,926
28 days (available 22 of requested 28),Internal navigation,false,/,/,terminusmaximus.com,324,166,1430
28 days (available 22 of requested 28),Direct or unattributed,true,(none),/replay-library/,terminusmaximus.com,185,59,376
28 days (available 22 of requested 28),Google organic,true,(none),/replay-library/,terminusmaximus.com,169,55,340
28 days (available 22 of requested 28),Reddit,true,(none),/replay-library/,terminusmaximus.com,137,33,297
28 days (available 22 of requested 28),Reddit,true,(none),/replay-library/,www.reddit.com,136,89,282
28 days (available 22 of requested 28),Google organic,true,(none),/replay-library/,(missing),74,17,230
28 days (available 22 of requested 28),Internal navigation,false,/guild-raid/boss-meta/,/guild-raid/boss-meta/,terminusmaximus.com,49,29,176
28 days (available 22 of requested 28),Google organic,true,(none),/replay-library/,www.google.com,46,25,146
28 days (available 22 of requested 28),Internal navigation,false,/guild-raid/s105/,/guild-raid/s105/,terminusmaximus.com,34,23,101
28 days (available 22 of requested 28),Internal navigation,false,/guild-raid/s105/,/,terminusmaximus.com,27,25,61
28 days (available 22 of requested 28),Reddit,true,(none),/replay-library/,com.reddit.frontpage,25,16,65
28 days (available 22 of requested 28),Discord,true,(none),/replay-library/,terminusmaximus.com,22,2,28
28 days (available 22 of requested 28),Internal navigation,false,/guild-raid/s106/,/guild-raid/s106/,terminusmaximus.com,19,19,101
28 days (available 22 of requested 28),Other external,true,(none),/replay-library/,terminusmaximus.com,17,2,57
28 days (available 22 of requested 28),Internal navigation,false,/guild-raid/boss-meta/,/,terminusmaximus.com,14,12,30
28 days (available 22 of requested 28),Discord,true,(none),/replay-library/,(missing),13,4,55
28 days (available 22 of requested 28),Internal navigation,false,/guild-raid/s106/,/,terminusmaximus.com,13,10,79
28 days (available 22 of requested 28),Internal navigation,false,/guild-raid/,/guild-raid/,terminusmaximus.com,11,11,54
28 days (available 22 of requested 28),Internal navigation,false,/guild-raid/,/,terminusmaximus.com,10,7,30
28 days (available 22 of requested 28),Internal navigation,false,/,/guild-raid/boss-meta/,terminusmaximus.com,8,7,18
28 days (available 22 of requested 28),Other external,true,(none),/replay-library/,duckduckgo.com,8,2,14
28 days (available 22 of requested 28),Internal navigation,false,/elite-campaigns/,/,terminusmaximus.com,7,7,15
28 days (available 22 of requested 28),Internal navigation,false,/guild-raid/s105/,/guild-raid/s105/,www.reddit.com,5,5,6
28 days (available 22 of requested 28),Internal navigation,false,/beginner-guide/,/beginner-guide/,terminusmaximus.com,4,4,21
28 days (available 22 of requested 28),Internal navigation,false,/campaign-event/,/,terminusmaximus.com,4,4,7
28 days (available 22 of requested 28),Internal navigation,false,/guild-raid/boss-meta/,/beginner-guide/,terminusmaximus.com,4,2,16
28 days (available 22 of requested 28),Internal navigation,false,/lre/lysander/,/,terminusmaximus.com,4,4,13
28 days (available 22 of requested 28),Other external,true,(none),/replay-library/,(missing),4,3,5
28 days (available 22 of requested 28),Direct or unattributed,true,(none),/replay-library/,com.reddit.frontpage,3,3,13
28 days (available 22 of requested 28),Internal navigation,false,/,/guild-raid/s106/,terminusmaximus.com,3,3,28
28 days (available 22 of requested 28),Internal navigation,false,/about/,/,terminusmaximus.com,3,3,18
28 days (available 22 of requested 28),Internal navigation,false,/elite-campaigns/,/elite-campaigns/,terminusmaximus.com,3,3,11
28 days (available 22 of requested 28),Internal navigation,false,/guild-raid/boss-meta/,/guild-raid/boss-meta/,(missing),3,2,8
28 days (available 22 of requested 28),Internal navigation,false,/guild-raid/s103/,/guild-raid/s103/,terminusmaximus.com,3,3,11
28 days (available 22 of requested 28),Internal navigation,false,/guild-raid/s105/,/guild-raid/,terminusmaximus.com,3,3,6
28 days (available 22 of requested 28),Internal navigation,false,/guild-raid/s106/,/guild-raid/s106/,www.reddit.com,3,3,8
28 days (available 22 of requested 28),Internal navigation,false,/guild-raid/s106/,/guild-raid/s106/,(missing),3,3,15
28 days (available 22 of requested 28),Internal navigation,false,/incursion-mow/,/,terminusmaximus.com,3,3,3
28 days (available 22 of requested 28),Reddit,true,(none),/replay-library/,l.facebook.com,3,2,10
28 days (available 22 of requested 28),Internal navigation,false,/,/guild-raid/s105/,terminusmaximus.com,2,2,2
28 days (available 22 of requested 28),Internal navigation,false,/,/lre/lysander/,terminusmaximus.com,2,2,3
28 days (available 22 of requested 28),Internal navigation,false,/,/beginner-guide/,terminusmaximus.com,2,2,10
28 days (available 22 of requested 28),Internal navigation,false,/beginner-guide/,/,terminusmaximus.com,2,2,2
28 days (available 22 of requested 28),Internal navigation,false,/guild-raid/,/guild-raid/s105/,terminusmaximus.com,2,2,4
28 days (available 22 of requested 28),Internal navigation,false,/guild-raid/boss-meta/,/guild-raid/,terminusmaximus.com,2,2,2
28 days (available 22 of requested 28),Internal navigation,false,/guild-raid/boss-meta/,/elite-campaigns/,terminusmaximus.com,2,2,2
28 days (available 22 of requested 28),Internal navigation,false,/guild-raid/s104/,/guild-raid/s104/,terminusmaximus.com,2,2,2
28 days (available 22 of requested 28),Internal navigation,false,/guild-raid/s105/,/guild-raid/s105/,(missing),2,2,6
28 days (available 22 of requested 28),Internal navigation,false,/guild-raid/s106/,/guild-raid/s103/,terminusmaximus.com,2,2,11
28 days (available 22 of requested 28),Other external,true,(none),/replay-library/,www.bing.com,2,2,4
28 days (available 22 of requested 28),Direct or unattributed,true,(none),/replay-library/,www.terminusmaximus.com,1,1,1
28 days (available 22 of requested 28),Internal navigation,false,/,/guild-raid/,terminusmaximus.com,1,1,3
28 days (available 22 of requested 28),Internal navigation,false,/,/elite-campaigns/,www.terminusmaximus.com,1,1,1
28 days (available 22 of requested 28),Internal navigation,false,/,/elite-campaigns/,terminusmaximus.com,1,1,6
28 days (available 22 of requested 28),Internal navigation,false,/,/,(missing),1,1,1
28 days (available 22 of requested 28),Internal navigation,false,/,/,www.terminusmaximus.com,1,1,5
28 days (available 22 of requested 28),Internal navigation,false,/about/,/guild-raid/boss-meta/,terminusmaximus.com,1,1,1
28 days (available 22 of requested 28),Internal navigation,false,/beginner-guide/,/elite-campaigns/,terminusmaximus.com,1,1,1
28 days (available 22 of requested 28),Internal navigation,false,/campaign-event/,/lre/lysander/,terminusmaximus.com,1,1,2
28 days (available 22 of requested 28),Internal navigation,false,/campaign-event/,/campaign-event/,terminusmaximus.com,1,1,2
28 days (available 22 of requested 28),Internal navigation,false,/campaigns/,/,terminusmaximus.com,1,1,1
28 days (available 22 of requested 28),Internal navigation,false,/campaigns/indomitus/,/,terminusmaximus.com,1,1,3
28 days (available 22 of requested 28),Internal navigation,false,/campaigns/indomitus/,"/),/",terminusmaximus.com,1,1,1
28 days (available 22 of requested 28),Internal navigation,false,/elite-campaigns/,/guild-raid/boss-meta/,terminusmaximus.com,1,1,1
28 days (available 22 of requested 28),Internal navigation,false,/elite-campaigns/,/lre/lucius/,terminusmaximus.com,1,1,1
28 days (available 22 of requested 28),Internal navigation,false,/elite-campaigns/,/beginner-guide/,terminusmaximus.com,1,1,1
28 days (available 22 of requested 28),Internal navigation,false,/elite-campaigns/,/events/,www.terminusmaximus.com,1,1,1
28 days (available 22 of requested 28),Internal navigation,false,/guild-raid/,/elite-campaigns/,terminusmaximus.com,1,1,4
28 days (available 22 of requested 28),Internal navigation,false,/guild-raid/,/guild-raid/s103/,terminusmaximus.com,1,1,1
28 days (available 22 of requested 28),Internal navigation,false,/guild-raid/,/guild-raid/s104/,terminusmaximus.com,1,1,1
28 days (available 22 of requested 28),Internal navigation,false,/guild-raid/,/guild-raid/,(missing),1,1,1
28 days (available 22 of requested 28),Internal navigation,false,/guild-raid/,/campaign-event/,terminusmaximus.com,1,1,1
28 days (available 22 of requested 28),Internal navigation,false,/guild-raid/archive/,/,terminusmaximus.com,1,1,1
28 days (available 22 of requested 28),Internal navigation,false,/guild-raid/boss-meta/,/lre/lysander/,terminusmaximus.com,1,1,5
28 days (available 22 of requested 28),Internal navigation,false,/guild-raid/boss-meta/,/guild-raid/s105/,terminusmaximus.com,1,1,4
28 days (available 22 of requested 28),Internal navigation,false,/guild-raid/boss-meta/,/guild-raid/s106/,(missing),1,1,8
28 days (available 22 of requested 28),Internal navigation,false,/guild-raid/boss-meta/,/guild-raid/boss-meta/,www.reddit.com,1,1,1
28 days (available 22 of requested 28),Internal navigation,false,/guild-raid/boss-meta/,/guild-raid/boss-meta/,www.google.com,1,1,1
28 days (available 22 of requested 28),Internal navigation,false,/guild-raid/boss-meta/,/guild-raid/archive/,terminusmaximus.com,1,1,1
28 days (available 22 of requested 28),Internal navigation,false,/guild-raid/boss-meta/,/guild-raid/s105/,(missing),1,1,2
28 days (available 22 of requested 28),Internal navigation,false,/guild-raid/s104/,/guild-raid/s105/,terminusmaximus.com,1,1,1
28 days (available 22 of requested 28),Internal navigation,false,/guild-raid/s105/,/guild-raid/s105/,www.terminusmaximus.com,1,1,1
28 days (available 22 of requested 28),Internal navigation,false,/guild-raid/s105/,/hre/,terminusmaximus.com,1,1,5
28 days (available 22 of requested 28),Internal navigation,false,/guild-raid/s105/,/guild-raid/boss-meta/,terminusmaximus.com,1,1,1
28 days (available 22 of requested 28),Internal navigation,false,/guild-raid/s105/,/campaign-event/,terminusmaximus.com,1,1,1
28 days (available 22 of requested 28),Internal navigation,false,/guild-raid/s106/,/guild-raid/,terminusmaximus.com,1,1,4
28 days (available 22 of requested 28),Internal navigation,false,/guild-raid/s106/,/guild-raid/,(missing),1,1,1
28 days (available 22 of requested 28),Internal navigation,false,/guild-raid/s106/,/guild-raid/boss-meta/,terminusmaximus.com,1,1,15
28 days (available 22 of requested 28),Internal navigation,false,/guild-raid/s106/,/guild-raid/s105/,terminusmaximus.com,1,1,3
28 days (available 22 of requested 28),Internal navigation,false,/guild-raid/s106/,/lre/lysander/,terminusmaximus.com,1,1,2
28 days (available 22 of requested 28),Internal navigation,false,/hre/,/lre/lysander/,terminusmaximus.com,1,1,3
28 days (available 22 of requested 28),Internal navigation,false,/incursion-mow/,/guild-raid/s106/,terminusmaximus.com,1,1,1
28 days (available 22 of requested 28),Internal navigation,false,/lre/,/lre/,terminusmaximus.com,1,1,1
28 days (available 22 of requested 28),Internal navigation,false,/lre/,/lre/lysander/,terminusmaximus.com,1,1,9
28 days (available 22 of requested 28),Internal navigation,false,/lre/lucius/,/guild-raid/s106/,terminusmaximus.com,1,1,1
28 days (available 22 of requested 28),Internal navigation,false,/lre/lucius/,/lre/lucius/,terminusmaximus.com,1,1,4
28 days (available 22 of requested 28),Internal navigation,false,/lre/lucius/,/,terminusmaximus.com,1,1,2
28 days (available 22 of requested 28),Internal navigation,false,/lre/lucius/,/incursion-mow/,terminusmaximus.com,1,1,1
28 days (available 22 of requested 28),Internal navigation,false,/lre/lysander/,/beginner-guide/,terminusmaximus.com,1,1,4
28 days (available 22 of requested 28),Internal navigation,false,/lre/lysander/,/,www.terminusmaximus.com,1,1,4
28 days (available 22 of requested 28),Internal navigation,false,/lre/lysander/,/guild-raid/s106/,terminusmaximus.com,1,1,1
28 days (available 22 of requested 28),Internal navigation,false,/lre/uthar/,/campaign-event/,terminusmaximus.com,1,1,1
28 days (available 22 of requested 28),Internal navigation,false,/replay/,/guild-raid/boss-meta/,(missing),1,1,1
28 days (available 22 of requested 28),Reddit,true,(none),/replay-library/,www.facebook.com,1,1,1
28 days (available 22 of requested 28),Reddit,true,(none),/replay-library/,old.reddit.com,1,1,3
28 days (available 22 of requested 28),Reddit,true,(none),/replay-library/,m.facebook.com,1,1,1
90 days (available 22 of requested 90),Direct or unattributed,true,(none),/replay-library/,(missing),420,183,1150
90 days (available 22 of requested 90),Reddit,true,(none),/replay-library/,(missing),389,93,926
90 days (available 22 of requested 90),Internal navigation,false,/,/,terminusmaximus.com,324,166,1430
90 days (available 22 of requested 90),Direct or unattributed,true,(none),/replay-library/,terminusmaximus.com,185,59,376
90 days (available 22 of requested 90),Google organic,true,(none),/replay-library/,terminusmaximus.com,169,55,340
90 days (available 22 of requested 90),Reddit,true,(none),/replay-library/,terminusmaximus.com,137,33,297
90 days (available 22 of requested 90),Reddit,true,(none),/replay-library/,www.reddit.com,136,89,282
90 days (available 22 of requested 90),Google organic,true,(none),/replay-library/,(missing),74,17,230
90 days (available 22 of requested 90),Internal navigation,false,/guild-raid/boss-meta/,/guild-raid/boss-meta/,terminusmaximus.com,49,29,176
90 days (available 22 of requested 90),Google organic,true,(none),/replay-library/,www.google.com,46,25,146
90 days (available 22 of requested 90),Internal navigation,false,/guild-raid/s105/,/guild-raid/s105/,terminusmaximus.com,34,23,101
90 days (available 22 of requested 90),Internal navigation,false,/guild-raid/s105/,/,terminusmaximus.com,27,25,61
90 days (available 22 of requested 90),Reddit,true,(none),/replay-library/,com.reddit.frontpage,25,16,65
90 days (available 22 of requested 90),Discord,true,(none),/replay-library/,terminusmaximus.com,22,2,28
90 days (available 22 of requested 90),Internal navigation,false,/guild-raid/s106/,/guild-raid/s106/,terminusmaximus.com,19,19,101
90 days (available 22 of requested 90),Other external,true,(none),/replay-library/,terminusmaximus.com,17,2,57
90 days (available 22 of requested 90),Internal navigation,false,/guild-raid/boss-meta/,/,terminusmaximus.com,14,12,30
90 days (available 22 of requested 90),Discord,true,(none),/replay-library/,(missing),13,4,55
90 days (available 22 of requested 90),Internal navigation,false,/guild-raid/s106/,/,terminusmaximus.com,13,10,79
90 days (available 22 of requested 90),Internal navigation,false,/guild-raid/,/guild-raid/,terminusmaximus.com,11,11,54
90 days (available 22 of requested 90),Internal navigation,false,/guild-raid/,/,terminusmaximus.com,10,7,30
90 days (available 22 of requested 90),Internal navigation,false,/,/guild-raid/boss-meta/,terminusmaximus.com,8,7,18
90 days (available 22 of requested 90),Other external,true,(none),/replay-library/,duckduckgo.com,8,2,14
90 days (available 22 of requested 90),Internal navigation,false,/elite-campaigns/,/,terminusmaximus.com,7,7,15
90 days (available 22 of requested 90),Internal navigation,false,/guild-raid/s105/,/guild-raid/s105/,www.reddit.com,5,5,6
90 days (available 22 of requested 90),Internal navigation,false,/beginner-guide/,/beginner-guide/,terminusmaximus.com,4,4,21
90 days (available 22 of requested 90),Internal navigation,false,/campaign-event/,/,terminusmaximus.com,4,4,7
90 days (available 22 of requested 90),Internal navigation,false,/guild-raid/boss-meta/,/beginner-guide/,terminusmaximus.com,4,2,16
90 days (available 22 of requested 90),Internal navigation,false,/lre/lysander/,/,terminusmaximus.com,4,4,13
90 days (available 22 of requested 90),Other external,true,(none),/replay-library/,(missing),4,3,5
90 days (available 22 of requested 90),Direct or unattributed,true,(none),/replay-library/,com.reddit.frontpage,3,3,13
90 days (available 22 of requested 90),Internal navigation,false,/,/guild-raid/s106/,terminusmaximus.com,3,3,28
90 days (available 22 of requested 90),Internal navigation,false,/about/,/,terminusmaximus.com,3,3,18
90 days (available 22 of requested 90),Internal navigation,false,/elite-campaigns/,/elite-campaigns/,terminusmaximus.com,3,3,11
90 days (available 22 of requested 90),Internal navigation,false,/guild-raid/boss-meta/,/guild-raid/boss-meta/,(missing),3,2,8
90 days (available 22 of requested 90),Internal navigation,false,/guild-raid/s103/,/guild-raid/s103/,terminusmaximus.com,3,3,11
90 days (available 22 of requested 90),Internal navigation,false,/guild-raid/s105/,/guild-raid/,terminusmaximus.com,3,3,6
90 days (available 22 of requested 90),Internal navigation,false,/guild-raid/s106/,/guild-raid/s106/,(missing),3,3,15
90 days (available 22 of requested 90),Internal navigation,false,/guild-raid/s106/,/guild-raid/s106/,www.reddit.com,3,3,8
90 days (available 22 of requested 90),Internal navigation,false,/incursion-mow/,/,terminusmaximus.com,3,3,3
90 days (available 22 of requested 90),Reddit,true,(none),/replay-library/,l.facebook.com,3,2,10
90 days (available 22 of requested 90),Internal navigation,false,/,/lre/lysander/,terminusmaximus.com,2,2,3
90 days (available 22 of requested 90),Internal navigation,false,/,/guild-raid/s105/,terminusmaximus.com,2,2,2
90 days (available 22 of requested 90),Internal navigation,false,/,/beginner-guide/,terminusmaximus.com,2,2,10
90 days (available 22 of requested 90),Internal navigation,false,/beginner-guide/,/,terminusmaximus.com,2,2,2
90 days (available 22 of requested 90),Internal navigation,false,/guild-raid/,/guild-raid/s105/,terminusmaximus.com,2,2,4
90 days (available 22 of requested 90),Internal navigation,false,/guild-raid/boss-meta/,/guild-raid/,terminusmaximus.com,2,2,2
90 days (available 22 of requested 90),Internal navigation,false,/guild-raid/boss-meta/,/elite-campaigns/,terminusmaximus.com,2,2,2
90 days (available 22 of requested 90),Internal navigation,false,/guild-raid/s104/,/guild-raid/s104/,terminusmaximus.com,2,2,2
90 days (available 22 of requested 90),Internal navigation,false,/guild-raid/s105/,/guild-raid/s105/,(missing),2,2,6
90 days (available 22 of requested 90),Internal navigation,false,/guild-raid/s106/,/guild-raid/s103/,terminusmaximus.com,2,2,11
90 days (available 22 of requested 90),Other external,true,(none),/replay-library/,www.bing.com,2,2,4
90 days (available 22 of requested 90),Direct or unattributed,true,(none),/replay-library/,www.terminusmaximus.com,1,1,1
90 days (available 22 of requested 90),Internal navigation,false,/,/,(missing),1,1,1
90 days (available 22 of requested 90),Internal navigation,false,/,/elite-campaigns/,www.terminusmaximus.com,1,1,1
90 days (available 22 of requested 90),Internal navigation,false,/,/guild-raid/,terminusmaximus.com,1,1,3
90 days (available 22 of requested 90),Internal navigation,false,/,/elite-campaigns/,terminusmaximus.com,1,1,6
90 days (available 22 of requested 90),Internal navigation,false,/,/,www.terminusmaximus.com,1,1,5
90 days (available 22 of requested 90),Internal navigation,false,/about/,/guild-raid/boss-meta/,terminusmaximus.com,1,1,1
90 days (available 22 of requested 90),Internal navigation,false,/beginner-guide/,/elite-campaigns/,terminusmaximus.com,1,1,1
90 days (available 22 of requested 90),Internal navigation,false,/campaign-event/,/lre/lysander/,terminusmaximus.com,1,1,2
90 days (available 22 of requested 90),Internal navigation,false,/campaign-event/,/campaign-event/,terminusmaximus.com,1,1,2
90 days (available 22 of requested 90),Internal navigation,false,/campaigns/,/,terminusmaximus.com,1,1,1
90 days (available 22 of requested 90),Internal navigation,false,/campaigns/indomitus/,/,terminusmaximus.com,1,1,3
90 days (available 22 of requested 90),Internal navigation,false,/campaigns/indomitus/,"/),/",terminusmaximus.com,1,1,1
90 days (available 22 of requested 90),Internal navigation,false,/elite-campaigns/,/events/,www.terminusmaximus.com,1,1,1
90 days (available 22 of requested 90),Internal navigation,false,/elite-campaigns/,/guild-raid/boss-meta/,terminusmaximus.com,1,1,1
90 days (available 22 of requested 90),Internal navigation,false,/elite-campaigns/,/lre/lucius/,terminusmaximus.com,1,1,1
90 days (available 22 of requested 90),Internal navigation,false,/elite-campaigns/,/beginner-guide/,terminusmaximus.com,1,1,1
90 days (available 22 of requested 90),Internal navigation,false,/guild-raid/,/elite-campaigns/,terminusmaximus.com,1,1,4
90 days (available 22 of requested 90),Internal navigation,false,/guild-raid/,/guild-raid/s103/,terminusmaximus.com,1,1,1
90 days (available 22 of requested 90),Internal navigation,false,/guild-raid/,/campaign-event/,terminusmaximus.com,1,1,1
90 days (available 22 of requested 90),Internal navigation,false,/guild-raid/,/guild-raid/,(missing),1,1,1
90 days (available 22 of requested 90),Internal navigation,false,/guild-raid/,/guild-raid/s104/,terminusmaximus.com,1,1,1
90 days (available 22 of requested 90),Internal navigation,false,/guild-raid/archive/,/,terminusmaximus.com,1,1,1
90 days (available 22 of requested 90),Internal navigation,false,/guild-raid/boss-meta/,/guild-raid/boss-meta/,www.reddit.com,1,1,1
90 days (available 22 of requested 90),Internal navigation,false,/guild-raid/boss-meta/,/guild-raid/boss-meta/,www.google.com,1,1,1
90 days (available 22 of requested 90),Internal navigation,false,/guild-raid/boss-meta/,/guild-raid/archive/,terminusmaximus.com,1,1,1
90 days (available 22 of requested 90),Internal navigation,false,/guild-raid/boss-meta/,/guild-raid/s105/,(missing),1,1,2
90 days (available 22 of requested 90),Internal navigation,false,/guild-raid/boss-meta/,/guild-raid/s106/,(missing),1,1,8
90 days (available 22 of requested 90),Internal navigation,false,/guild-raid/boss-meta/,/lre/lysander/,terminusmaximus.com,1,1,5
90 days (available 22 of requested 90),Internal navigation,false,/guild-raid/boss-meta/,/guild-raid/s105/,terminusmaximus.com,1,1,4
90 days (available 22 of requested 90),Internal navigation,false,/guild-raid/s104/,/guild-raid/s105/,terminusmaximus.com,1,1,1
90 days (available 22 of requested 90),Internal navigation,false,/guild-raid/s105/,/guild-raid/boss-meta/,terminusmaximus.com,1,1,1
90 days (available 22 of requested 90),Internal navigation,false,/guild-raid/s105/,/guild-raid/s105/,www.terminusmaximus.com,1,1,1
90 days (available 22 of requested 90),Internal navigation,false,/guild-raid/s105/,/hre/,terminusmaximus.com,1,1,5
90 days (available 22 of requested 90),Internal navigation,false,/guild-raid/s105/,/campaign-event/,terminusmaximus.com,1,1,1
90 days (available 22 of requested 90),Internal navigation,false,/guild-raid/s106/,/lre/lysander/,terminusmaximus.com,1,1,2
90 days (available 22 of requested 90),Internal navigation,false,/guild-raid/s106/,/guild-raid/,terminusmaximus.com,1,1,4
90 days (available 22 of requested 90),Internal navigation,false,/guild-raid/s106/,/guild-raid/s105/,terminusmaximus.com,1,1,3
90 days (available 22 of requested 90),Internal navigation,false,/guild-raid/s106/,/guild-raid/boss-meta/,terminusmaximus.com,1,1,15
90 days (available 22 of requested 90),Internal navigation,false,/guild-raid/s106/,/guild-raid/,(missing),1,1,1
90 days (available 22 of requested 90),Internal navigation,false,/hre/,/lre/lysander/,terminusmaximus.com,1,1,3
90 days (available 22 of requested 90),Internal navigation,false,/incursion-mow/,/guild-raid/s106/,terminusmaximus.com,1,1,1
90 days (available 22 of requested 90),Internal navigation,false,/lre/,/lre/lysander/,terminusmaximus.com,1,1,9
90 days (available 22 of requested 90),Internal navigation,false,/lre/,/lre/,terminusmaximus.com,1,1,1
90 days (available 22 of requested 90),Internal navigation,false,/lre/lucius/,/lre/lucius/,terminusmaximus.com,1,1,4
90 days (available 22 of requested 90),Internal navigation,false,/lre/lucius/,/,terminusmaximus.com,1,1,2
90 days (available 22 of requested 90),Internal navigation,false,/lre/lucius/,/incursion-mow/,terminusmaximus.com,1,1,1
90 days (available 22 of requested 90),Internal navigation,false,/lre/lucius/,/guild-raid/s106/,terminusmaximus.com,1,1,1
90 days (available 22 of requested 90),Internal navigation,false,/lre/lysander/,/beginner-guide/,terminusmaximus.com,1,1,4
90 days (available 22 of requested 90),Internal navigation,false,/lre/lysander/,/guild-raid/s106/,terminusmaximus.com,1,1,1
90 days (available 22 of requested 90),Internal navigation,false,/lre/lysander/,/,www.terminusmaximus.com,1,1,4
90 days (available 22 of requested 90),Internal navigation,false,/lre/uthar/,/campaign-event/,terminusmaximus.com,1,1,1
90 days (available 22 of requested 90),Internal navigation,false,/replay/,/guild-raid/boss-meta/,(missing),1,1,1
90 days (available 22 of requested 90),Reddit,true,(none),/replay-library/,www.facebook.com,1,1,1
90 days (available 22 of requested 90),Reddit,true,(none),/replay-library/,old.reddit.com,1,1,3
90 days (available 22 of requested 90),Reddit,true,(none),/replay-library/,m.facebook.com,1,1,1
