analysis_period_label,previous_page_path,replay_library_path,next_page_path,replay_was_landing_page,single_page_session,multiple_replay_views,had_replay_library_youtube_click,sessions,users
Available export: 2026-07-14 to 2026-08-04 (22 days),(session start),/replay-library/,(no next page),true,true,false,false,918,352
Available export: 2026-07-14 to 2026-08-04 (22 days),(session start),/replay-library/,/replay-library/,true,false,true,false,636,257
Available export: 2026-07-14 to 2026-08-04 (22 days),/,/replay-library/,/replay-library/,false,false,true,false,235,126
Available export: 2026-07-14 to 2026-08-04 (22 days),/,/replay-library/,(no next page),false,false,false,false,71,46
Available export: 2026-07-14 to 2026-08-04 (22 days),/guild-raid/boss-meta/,/replay-library/,/replay-library/,false,false,true,false,45,27
Available export: 2026-07-14 to 2026-08-04 (22 days),/guild-raid/s106/,/replay-library/,/replay-library/,false,false,true,false,37,34
Available export: 2026-07-14 to 2026-08-04 (22 days),/guild-raid/s105/,/replay-library/,/replay-library/,false,false,true,false,31,22
Available export: 2026-07-14 to 2026-08-04 (22 days),/guild-raid/s105/,/replay-library/,(no next page),false,false,false,false,29,27
Available export: 2026-07-14 to 2026-08-04 (22 days),(session start),/replay-library/,/,true,false,false,false,27,21
Available export: 2026-07-14 to 2026-08-04 (22 days),/guild-raid/boss-meta/,/replay-library/,(no next page),false,false,false,false,20,19
Available export: 2026-07-14 to 2026-08-04 (22 days),(session start),/replay-library/,/,true,false,true,false,19,18
Available export: 2026-07-14 to 2026-08-04 (22 days),/guild-raid/,/replay-library/,/replay-library/,false,false,true,false,12,11
Available export: 2026-07-14 to 2026-08-04 (22 days),/,/replay-library/,/,false,false,false,false,11,11
Available export: 2026-07-14 to 2026-08-04 (22 days),(session start),/replay-library/,/guild-raid/s105/,true,false,false,false,10,10
Available export: 2026-07-14 to 2026-08-04 (22 days),/guild-raid/,/replay-library/,(no next page),false,false,false,false,10,10
Available export: 2026-07-14 to 2026-08-04 (22 days),(session start),/replay-library/,/guild-raid/s105/,true,false,true,false,8,6
Available export: 2026-07-14 to 2026-08-04 (22 days),/,/replay-library/,/,false,false,true,false,7,6
Available export: 2026-07-14 to 2026-08-04 (22 days),/guild-raid/s105/,/replay-library/,/guild-raid/s105/,false,false,false,false,7,7
Available export: 2026-07-14 to 2026-08-04 (22 days),(session start),/replay-library/,/guild-raid/,true,false,false,false,6,6
Available export: 2026-07-14 to 2026-08-04 (22 days),/elite-campaigns/,/replay-library/,/replay-library/,false,false,true,false,5,5
Available export: 2026-07-14 to 2026-08-04 (22 days),/lre/lysander/,/replay-library/,/replay-library/,false,false,true,false,5,5
Available export: 2026-07-14 to 2026-08-04 (22 days),(session start),/replay-library/,/guild-raid/boss-meta/,true,false,false,false,4,4
Available export: 2026-07-14 to 2026-08-04 (22 days),/,/replay-library/,/guild-raid/boss-meta/,false,false,false,false,4,4
Available export: 2026-07-14 to 2026-08-04 (22 days),/campaign-event/,/replay-library/,/replay-library/,false,false,true,false,4,4
Available export: 2026-07-14 to 2026-08-04 (22 days),/guild-raid/boss-meta/,/replay-library/,/guild-raid/boss-meta/,false,false,true,false,4,3
Available export: 2026-07-14 to 2026-08-04 (22 days),/guild-raid/s106/,/replay-library/,(no next page),false,false,false,false,4,4
Available export: 2026-07-14 to 2026-08-04 (22 days),(session start),/replay-library/,/guild-raid/s106/,true,false,true,false,3,3
Available export: 2026-07-14 to 2026-08-04 (22 days),(session start),/replay-library/,/guild-raid/s106/,true,false,false,false,3,3
Available export: 2026-07-14 to 2026-08-04 (22 days),(session start),/replay-library/,/lre/lucius/,true,false,false,false,3,3
Available export: 2026-07-14 to 2026-08-04 (22 days),(session start),/replay-library/,/lre/lysander/,true,false,false,false,3,3
Available export: 2026-07-14 to 2026-08-04 (22 days),/,/replay-library/,/beginner-guide/,false,false,false,false,3,3
Available export: 2026-07-14 to 2026-08-04 (22 days),/,/replay-library/,/guild-raid/,false,false,false,false,3,3
Available export: 2026-07-14 to 2026-08-04 (22 days),/,/replay-library/,/guild-raid/s105/,false,false,true,false,3,3
Available export: 2026-07-14 to 2026-08-04 (22 days),/elite-campaigns/,/replay-library/,(no next page),false,false,false,false,3,3
Available export: 2026-07-14 to 2026-08-04 (22 days),/guild-raid/,/replay-library/,/guild-raid/boss-meta/,false,false,false,false,3,3
Available export: 2026-07-14 to 2026-08-04 (22 days),/guild-raid/boss-meta/,/replay-library/,/,false,false,false,false,3,2
Available export: 2026-07-14 to 2026-08-04 (22 days),/guild-raid/s103/,/replay-library/,/replay-library/,false,false,true,false,3,3
Available export: 2026-07-14 to 2026-08-04 (22 days),(session start),/replay-library/,/beginner-guide/,true,false,false,false,2,2
Available export: 2026-07-14 to 2026-08-04 (22 days),(session start),/replay-library/,/campaign-event/,true,false,false,false,2,2
Available export: 2026-07-14 to 2026-08-04 (22 days),(session start),/replay-library/,/guild-raid/archive/,true,false,true,false,2,2
Available export: 2026-07-14 to 2026-08-04 (22 days),(session start),/replay-library/,/hre/,true,false,false,false,2,2
Available export: 2026-07-14 to 2026-08-04 (22 days),(session start),/replay-library/,/lre/,true,false,false,false,2,2
Available export: 2026-07-14 to 2026-08-04 (22 days),/,/replay-library/,/about/,false,false,false,false,2,2
Available export: 2026-07-14 to 2026-08-04 (22 days),/,/replay-library/,/guild-raid/s105/,false,false,false,false,2,2
Available export: 2026-07-14 to 2026-08-04 (22 days),/about/,/replay-library/,(no next page),false,false,false,false,2,2
Available export: 2026-07-14 to 2026-08-04 (22 days),/about/,/replay-library/,/replay-library/,false,false,true,false,2,2
Available export: 2026-07-14 to 2026-08-04 (22 days),/beginner-guide/,/replay-library/,/,false,false,false,false,2,2
Available export: 2026-07-14 to 2026-08-04 (22 days),/beginner-guide/,/replay-library/,/replay-library/,false,false,true,false,2,2
Available export: 2026-07-14 to 2026-08-04 (22 days),/elite-campaigns/,/replay-library/,/elite-campaigns/,false,false,false,false,2,2
Available export: 2026-07-14 to 2026-08-04 (22 days),/guild-raid/,/replay-library/,/,false,false,false,false,2,2
Available export: 2026-07-14 to 2026-08-04 (22 days),/guild-raid/s105/,/replay-library/,/,false,false,false,false,2,2
Available export: 2026-07-14 to 2026-08-04 (22 days),/guild-raid/s105/,/replay-library/,/incursion-mow/,false,false,false,false,2,2
Available export: 2026-07-14 to 2026-08-04 (22 days),/incursion-mow/,/replay-library/,/lre/lucius/,false,false,false,false,2,2
Available export: 2026-07-14 to 2026-08-04 (22 days),(session start),/replay-library/,/about/,true,false,false,false,1,1
Available export: 2026-07-14 to 2026-08-04 (22 days),(session start),/replay-library/,/elite-campaigns/,true,false,false,false,1,1
Available export: 2026-07-14 to 2026-08-04 (22 days),(session start),/replay-library/,/events/,true,false,false,false,1,1
Available export: 2026-07-14 to 2026-08-04 (22 days),(session start),/replay-library/,/guild-raid/,true,false,true,false,1,1
Available export: 2026-07-14 to 2026-08-04 (22 days),(session start),/replay-library/,/guild-raid/archive/,true,false,false,false,1,1
Available export: 2026-07-14 to 2026-08-04 (22 days),(session start),/replay-library/,/incursion-mow/,true,false,false,false,1,1
Available export: 2026-07-14 to 2026-08-04 (22 days),(session start),/replay-library/,/lre/farsight/,true,false,false,false,1,1
Available export: 2026-07-14 to 2026-08-04 (22 days),/,/replay-library/,/beginner-guide/,false,false,true,false,1,1
Available export: 2026-07-14 to 2026-08-04 (22 days),/,/replay-library/,/elite-campaigns/,false,false,false,false,1,1
Available export: 2026-07-14 to 2026-08-04 (22 days),/,/replay-library/,/events/,false,false,false,false,1,1
Available export: 2026-07-14 to 2026-08-04 (22 days),/,/replay-library/,/guild-raid/s106/,false,false,false,false,1,1
Available export: 2026-07-14 to 2026-08-04 (22 days),/,/replay-library/,/lre/,false,false,false,false,1,1
Available export: 2026-07-14 to 2026-08-04 (22 days),/beginner-guide/,/replay-library/,(no next page),false,false,false,false,1,1
Available export: 2026-07-14 to 2026-08-04 (22 days),/beginner-guide/,/replay-library/,/campaigns/indomitus/,false,false,true,false,1,1
Available export: 2026-07-14 to 2026-08-04 (22 days),/beginner-guide/,/replay-library/,/elite-campaigns/,false,false,false,false,1,1
Available export: 2026-07-14 to 2026-08-04 (22 days),/campaign-event/,/replay-library/,/,false,false,false,false,1,1
Available export: 2026-07-14 to 2026-08-04 (22 days),/campaign-event/,/replay-library/,/lre/lucius/,false,false,false,false,1,1
Available export: 2026-07-14 to 2026-08-04 (22 days),/campaigns/,/replay-library/,(no next page),false,false,false,false,1,1
Available export: 2026-07-14 to 2026-08-04 (22 days),/campaigns/indomitus/,/replay-library/,(no next page),false,false,false,false,1,1
Available export: 2026-07-14 to 2026-08-04 (22 days),/campaigns/indomitus/,/replay-library/,/elite-campaigns/,false,false,true,false,1,1
Available export: 2026-07-14 to 2026-08-04 (22 days),/elite-campaigns/,/replay-library/,/,false,false,false,false,1,1
Available export: 2026-07-14 to 2026-08-04 (22 days),/elite-campaigns/,/replay-library/,/events/,false,false,false,false,1,1
Available export: 2026-07-14 to 2026-08-04 (22 days),/elite-campaigns/,/replay-library/,/lre/lucius/,false,false,false,false,1,1
Available export: 2026-07-14 to 2026-08-04 (22 days),/elite-campaigns/,/replay-library/,/lre/lysander/,false,false,true,false,1,1
Available export: 2026-07-14 to 2026-08-04 (22 days),/guild-raid/,/replay-library/,/guild-raid/,false,false,true,false,1,1
Available export: 2026-07-14 to 2026-08-04 (22 days),/guild-raid/archive/,/replay-library/,(no next page),false,false,false,false,1,1
Available export: 2026-07-14 to 2026-08-04 (22 days),/guild-raid/boss-meta/,/replay-library/,/about/,false,false,true,false,1,1
Available export: 2026-07-14 to 2026-08-04 (22 days),/guild-raid/boss-meta/,/replay-library/,/beginner-guide/,false,false,true,false,1,1
Available export: 2026-07-14 to 2026-08-04 (22 days),/guild-raid/boss-meta/,/replay-library/,/campaign-event/,false,false,false,false,1,1
Available export: 2026-07-14 to 2026-08-04 (22 days),/guild-raid/boss-meta/,/replay-library/,/events/,false,false,false,false,1,1
Available export: 2026-07-14 to 2026-08-04 (22 days),/guild-raid/boss-meta/,/replay-library/,/guild-raid/,false,false,true,false,1,1
Available export: 2026-07-14 to 2026-08-04 (22 days),/guild-raid/boss-meta/,/replay-library/,/guild-raid/boss-meta/,false,false,false,false,1,1
Available export: 2026-07-14 to 2026-08-04 (22 days),/guild-raid/boss-meta/,/replay-library/,/guild-raid/s105/,false,false,false,false,1,1
Available export: 2026-07-14 to 2026-08-04 (22 days),/guild-raid/boss-meta/,/replay-library/,/lre/farsight/,false,false,true,false,1,1
Available export: 2026-07-14 to 2026-08-04 (22 days),/guild-raid/boss-meta/,/replay-library/,/lre/lucius/,false,false,false,false,1,1
Available export: 2026-07-14 to 2026-08-04 (22 days),/guild-raid/s104/,/replay-library/,(no next page),false,false,false,false,1,1
Available export: 2026-07-14 to 2026-08-04 (22 days),/guild-raid/s104/,/replay-library/,/guild-raid/,false,false,false,false,1,1
Available export: 2026-07-14 to 2026-08-04 (22 days),/guild-raid/s104/,/replay-library/,/guild-raid/s104/,false,false,false,false,1,1
Available export: 2026-07-14 to 2026-08-04 (22 days),/guild-raid/s105/,/replay-library/,/,false,false,true,false,1,1
Available export: 2026-07-14 to 2026-08-04 (22 days),/guild-raid/s105/,/replay-library/,/beginner-guide/,false,false,false,false,1,1
Available export: 2026-07-14 to 2026-08-04 (22 days),/guild-raid/s105/,/replay-library/,/guild-raid/,false,false,false,false,1,1
Available export: 2026-07-14 to 2026-08-04 (22 days),/guild-raid/s105/,/replay-library/,/lre/lucius/,false,false,false,false,1,1
Available export: 2026-07-14 to 2026-08-04 (22 days),/guild-raid/s106/,/replay-library/,/,false,false,false,false,1,1
Available export: 2026-07-14 to 2026-08-04 (22 days),/guild-raid/s106/,/replay-library/,/guild-raid/,false,false,false,false,1,1
Available export: 2026-07-14 to 2026-08-04 (22 days),/guild-raid/s106/,/replay-library/,/guild-raid/boss-meta/,false,false,false,false,1,1
Available export: 2026-07-14 to 2026-08-04 (22 days),/guild-raid/s106/,/replay-library/,/guild-raid/s106/,false,false,true,false,1,1
Available export: 2026-07-14 to 2026-08-04 (22 days),/hre/,/replay-library/,/replay-library/,false,false,true,false,1,1
Available export: 2026-07-14 to 2026-08-04 (22 days),/incursion-mow/,/replay-library/,(no next page),false,false,false,false,1,1
Available export: 2026-07-14 to 2026-08-04 (22 days),/incursion-mow/,/replay-library/,/,false,false,false,false,1,1
Available export: 2026-07-14 to 2026-08-04 (22 days),/lre/,/replay-library/,/,false,false,false,false,1,1
Available export: 2026-07-14 to 2026-08-04 (22 days),/lre/,/replay-library/,/replay-library/,false,false,true,false,1,1
Available export: 2026-07-14 to 2026-08-04 (22 days),/lre/lucius/,/replay-library/,(no next page),false,false,false,false,1,1
Available export: 2026-07-14 to 2026-08-04 (22 days),/lre/lucius/,/replay-library/,/,false,false,false,false,1,1
Available export: 2026-07-14 to 2026-08-04 (22 days),/lre/lucius/,/replay-library/,/guild-raid/boss-meta/,false,false,true,false,1,1
Available export: 2026-07-14 to 2026-08-04 (22 days),/lre/lucius/,/replay-library/,/replay-library/,false,false,true,false,1,1
Available export: 2026-07-14 to 2026-08-04 (22 days),/lre/lysander/,/replay-library/,/campaign-event/,false,false,false,false,1,1
Available export: 2026-07-14 to 2026-08-04 (22 days),/lre/lysander/,/replay-library/,/lre/uthar/,false,false,false,false,1,1
Available export: 2026-07-14 to 2026-08-04 (22 days),/lre/uthar/,/replay-library/,/elite-campaigns/,false,false,false,false,1,1
Available export: 2026-07-14 to 2026-08-04 (22 days),/replay/,/replay-library/,(no next page),false,false,false,false,1,1
